image,label,nanophase_iron_darkening_anomaly,agglutinate_glass_anomaly,reflectance_anomaly_score,mean_grain_size_microns
images/regolith_train_00000.jpg,3,-0.324657,0.136361,-0.012199,152.24
images/regolith_train_00001.jpg,1,-0.052644,0.235442,-0.218151,637.66
images/regolith_train_00002.jpg,3,-0.406954,-0.269345,-0.325866,343.25
images/regolith_train_00003.jpg,1,0.404665,0.122217,-0.294263,524.34
images/regolith_train_00004.jpg,1,-0.092796,0.092094,0.018761,523.97
images/regolith_train_00005.jpg,1,-0.014809,0.167492,0.068714,499.63
images/regolith_train_00006.jpg,2,0.136496,0.389643,-0.361074,353.3
images/regolith_train_00007.jpg,2,-0.044164,-0.200215,-0.16995,345.99
images/regolith_train_00008.jpg,2,0.559611,-0.369881,-0.766672,380.89
images/regolith_train_00009.jpg,1,-0.405906,-0.008361,0.326924,590.53
images/regolith_train_00010.jpg,1,-0.475147,-0.118002,0.600889,446.91
images/regolith_train_00011.jpg,0,-0.064571,-0.227445,0.564765,562.61
images/regolith_train_00012.jpg,2,-0.301241,-0.043353,0.260893,277.93
images/regolith_train_00013.jpg,0,0.369838,0.074949,-0.145801,733.28
images/regolith_train_00014.jpg,0,0.331286,-0.179503,-0.23638,701.34
images/regolith_train_00015.jpg,3,0.251603,-0.096051,-0.685897,195.62
images/regolith_train_00016.jpg,2,0.418313,-0.200198,-0.706157,329.1
images/regolith_train_00017.jpg,2,0.082275,0.310189,-0.339108,346.42
images/regolith_train_00018.jpg,1,-0.16019,-0.192581,0.176348,499.07
images/regolith_train_00019.jpg,2,-0.016253,0.362391,-0.157908,371.22
images/regolith_train_00020.jpg,2,-0.245626,-0.121691,-0.13244,428.57
images/regolith_train_00021.jpg,0,0.272021,0.049493,0.143551,644.98
images/regolith_train_00022.jpg,1,-0.346068,0.420325,0.282109,500.44
images/regolith_train_00023.jpg,3,0.033735,0.053697,-0.611209,256.39
images/regolith_train_00024.jpg,2,-0.302786,-0.344425,0.002926,369.63
images/regolith_train_00025.jpg,3,-0.147207,0.164919,-0.412219,222.63
images/regolith_train_00026.jpg,0,0.331062,0.163029,-0.05628,667.05
images/regolith_train_00027.jpg,3,0.161975,0.257166,-0.867457,352.19
images/regolith_train_00028.jpg,2,-0.118885,0.468073,-0.233345,402.98
images/regolith_train_00029.jpg,1,-0.013617,0.2585,0.075951,435.18
images/regolith_train_00030.jpg,1,-0.301462,-0.234696,0.410268,445.38
images/regolith_train_00031.jpg,0,0.079422,-0.134319,0.187725,668.71
images/regolith_train_00032.jpg,0,-0.053739,0.393533,0.199115,692.11
images/regolith_train_00033.jpg,0,0.475833,-0.001262,-0.238895,669.35
images/regolith_train_00034.jpg,0,0.38866,-0.089147,-0.210514,754.44
images/regolith_train_00035.jpg,0,0.364357,-0.028382,0.055554,588.37
images/regolith_train_00036.jpg,3,0.125314,0.111186,-0.51407,162.56
images/regolith_train_00037.jpg,2,-0.339804,0.552298,-0.001968,336.12
images/regolith_train_00038.jpg,1,-0.175373,-0.045766,-0.053557,542.04
images/regolith_train_00039.jpg,3,-0.264398,-0.05408,-0.110562,171.85
images/regolith_train_00040.jpg,3,0.185429,0.283992,-0.670694,177.83
images/regolith_train_00041.jpg,1,-0.231414,-0.269951,-0.073325,644.79
images/regolith_train_00042.jpg,3,0.108205,-0.284057,-0.528293,114.3
images/regolith_train_00043.jpg,2,0.27516,0.404904,-0.408849,300.27
images/regolith_train_00044.jpg,1,-0.471197,-0.341474,0.459984,532.62
images/regolith_train_00045.jpg,3,-0.267674,0.173303,-0.210454,201.16
images/regolith_train_00046.jpg,2,0.258542,-0.319261,-0.363896,297.12
images/regolith_train_00047.jpg,0,0.115071,0.180703,0.219903,628.85
images/regolith_train_00048.jpg,2,0.209448,-0.058159,-0.573925,436.07
images/regolith_train_00049.jpg,2,0.37472,-0.031984,-0.540081,322.93
images/regolith_train_00050.jpg,0,0.371764,-0.067272,0.10136,568.76
images/regolith_train_00051.jpg,3,0.089289,-0.123413,-0.658104,258.45
images/regolith_train_00052.jpg,1,0.416598,0.553718,-0.615634,600.78
images/regolith_train_00053.jpg,3,-0.158921,0.117077,-0.377318,281.93
images/regolith_train_00054.jpg,0,0.156737,-0.169518,-0.105264,694.08
images/regolith_train_00055.jpg,1,-0.091147,-0.294261,0.093439,484.71
images/regolith_train_00056.jpg,2,0.134233,-0.1234,-0.490576,449.67
images/regolith_train_00057.jpg,3,0.006531,0.007586,-0.439528,203.2
images/regolith_train_00058.jpg,2,0.254399,0.342394,-0.615351,403.29
images/regolith_train_00059.jpg,3,-0.37288,0.135087,-0.278905,313.03
images/regolith_train_00060.jpg,2,-0.303774,-0.452739,-0.152306,468.62
images/regolith_train_00061.jpg,3,-0.151413,0.184534,-0.189452,196.11
images/regolith_train_00062.jpg,3,0.241319,-0.210216,-0.817061,219.56
images/regolith_train_00063.jpg,1,0.304995,0.325272,-0.281604,528.59
images/regolith_train_00064.jpg,2,-0.367086,-0.218022,0.017899,396.89
images/regolith_train_00065.jpg,2,-0.405565,0.362322,0.227169,317.05
images/regolith_train_00066.jpg,1,-0.288396,-0.252036,0.167071,523.49
images/regolith_train_00067.jpg,2,-0.012748,0.352004,-0.259019,434.04
images/regolith_train_00068.jpg,0,0.276788,0.33845,-0.090319,676.75
images/regolith_train_00069.jpg,0,-0.138298,0.311596,0.300144,699.29
images/regolith_train_00070.jpg,0,-0.005882,-0.206644,0.199095,662.55
images/regolith_train_00071.jpg,1,-0.253421,-0.012789,0.226275,538.87
images/regolith_train_00072.jpg,1,-0.494772,-0.287803,0.427125,596.33
images/regolith_train_00073.jpg,1,-0.01743,-0.15799,0.234783,392.33
images/regolith_train_00074.jpg,1,-0.345755,0.101149,0.202191,554.28
images/regolith_train_00075.jpg,0,0.087642,-0.197624,0.128258,590.63
images/regolith_train_00076.jpg,3,0.002339,0.281872,-0.455786,140.66
images/regolith_train_00077.jpg,0,-0.026957,0.194493,0.321083,706.12
images/regolith_train_00078.jpg,0,-0.209588,0.10638,0.404763,678.87
images/regolith_train_00079.jpg,1,-0.174778,0.250704,0.391322,391.82
images/regolith_train_00080.jpg,2,0.160183,0.129207,-0.573766,324.48
images/regolith_train_00081.jpg,3,0.43289,0.381997,-0.941485,221.28
images/regolith_train_00082.jpg,2,0.090518,0.406064,-0.295096,307.3
images/regolith_train_00083.jpg,0,0.406867,0.016314,-0.138647,663.4
images/regolith_train_00084.jpg,1,0.630504,-0.25904,-0.539114,589.15
images/regolith_train_00085.jpg,3,-0.137457,0.31039,-0.657365,319.86
images/regolith_train_00086.jpg,3,0.067497,0.110265,-0.481163,174.73
images/regolith_train_00087.jpg,0,-0.011515,0.048659,0.191405,655.15
images/regolith_train_00088.jpg,1,0.164045,-0.193802,-0.228295,450.73
images/regolith_train_00089.jpg,1,0.318341,-0.14643,-0.414968,567.12
images/regolith_train_00090.jpg,1,0.39428,-0.463546,-0.447619,607.74
images/regolith_train_00091.jpg,1,-0.019789,0.144885,-0.046867,586.98
images/regolith_train_00092.jpg,1,-0.331767,-0.434683,0.357122,488.76
images/regolith_train_00093.jpg,3,0.376559,0.211331,-0.810985,286.93
images/regolith_train_00094.jpg,0,-0.077961,0.092843,0.249864,702.87
images/regolith_train_00095.jpg,3,-0.088573,0.142554,-0.548115,321.13
images/regolith_train_00096.jpg,3,0.01062,0.265271,-0.814786,306.83
images/regolith_train_00097.jpg,3,0.22399,0.114898,-0.568867,138.1
images/regolith_train_00098.jpg,0,0.412056,0.269226,-0.21704,670.62
images/regolith_train_00099.jpg,1,0.148334,-0.194497,-0.093655,467.82
images/regolith_train_00100.jpg,1,0.367634,-0.041842,-0.294399,497.32
images/regolith_train_00101.jpg,3,-0.307136,-0.343828,-0.253033,250.3
images/regolith_train_00102.jpg,2,0.154569,0.235338,-0.305438,408.72
images/regolith_train_00103.jpg,3,0.249664,0.221699,-0.577156,135.88
images/regolith_train_00104.jpg,0,0.190013,0.471922,-0.032313,713.14
images/regolith_train_00105.jpg,2,0.243895,-0.39127,-0.521406,364.21
images/regolith_train_00106.jpg,3,0.201013,0.150576,-0.993151,327.87
images/regolith_train_00107.jpg,0,0.199801,-0.041735,0.235443,520.43
images/regolith_train_00108.jpg,2,-0.105178,0.036915,-0.187433,326.65
images/regolith_train_00109.jpg,2,-0.115588,0.079397,-0.149861,438.47
images/regolith_train_00110.jpg,0,0.209459,0.255541,-0.18771,696.82
images/regolith_train_00111.jpg,3,-0.05747,0.208411,-0.609026,321.46
images/regolith_train_00112.jpg,1,-0.247131,0.377257,0.247152,512.03
images/regolith_train_00113.jpg,2,0.345084,-0.275889,-0.88454,527.6
images/regolith_train_00114.jpg,3,0.019938,0.044833,-0.575403,168.95
images/regolith_train_00115.jpg,0,0.49416,-0.075304,-0.318863,676.26
images/regolith_train_00116.jpg,0,0.061522,0.367566,0.180264,592.12
images/regolith_train_00117.jpg,1,0.512301,0.447184,-0.550297,618.97
images/regolith_train_00118.jpg,2,0.519667,-0.233374,-0.630816,272.04
images/regolith_train_00119.jpg,1,0.475606,-0.003075,-0.359093,478.59
images/regolith_train_00120.jpg,3,-0.27663,0.222077,-0.259753,251.54
images/regolith_train_00121.jpg,0,0.123662,-0.014916,0.236204,643.35
images/regolith_train_00122.jpg,2,-0.112951,0.198539,-0.189505,273.3
images/regolith_train_00123.jpg,1,-0.057556,0.212225,0.030324,491.03
images/regolith_train_00124.jpg,0,-0.033054,-0.25079,0.531476,511.38
images/regolith_train_00125.jpg,1,-0.433094,0.38387,0.356821,561.23
images/regolith_train_00126.jpg,0,-0.122817,-0.167694,0.118619,791.25
images/regolith_train_00127.jpg,0,-0.229953,-0.251689,0.309828,694.35
images/regolith_train_00128.jpg,3,-0.111583,0.138309,-0.403852,193.68
images/regolith_train_00129.jpg,0,-0.221776,-0.129453,0.528292,623.87
images/regolith_train_00130.jpg,3,-0.015491,-0.19754,-0.521781,263.73
images/regolith_train_00131.jpg,2,0.020831,0.454105,-0.29878,404.55
images/regolith_train_00132.jpg,0,0.329807,0.121903,0.036242,610.11
images/regolith_train_00133.jpg,1,-0.24796,0.183454,0.207992,592.84
images/regolith_train_00134.jpg,1,0.245941,0.471559,-0.272341,514.42
images/regolith_train_00135.jpg,1,-0.00529,-0.208188,-0.213421,633.84
images/regolith_train_00136.jpg,2,0.051145,0.326128,-0.114821,265.05
images/regolith_train_00137.jpg,1,-0.426746,-0.317467,0.147994,640.45
images/regolith_train_00138.jpg,0,-0.028715,0.150898,0.040787,741.16
images/regolith_train_00139.jpg,1,0.51623,0.397987,-0.33492,463.5
images/regolith_train_00140.jpg,1,-0.523557,-0.165333,0.287569,641.12
images/regolith_train_00141.jpg,1,0.144689,0.318565,-0.165379,552.58
images/regolith_train_00142.jpg,2,-0.149089,0.238877,-0.13115,309.12
images/regolith_train_00143.jpg,2,-0.393556,0.192691,0.288918,357.83
images/regolith_train_00144.jpg,2,0.14008,-0.485776,-0.494017,375.76
images/regolith_train_00145.jpg,1,0.422127,0.489068,-0.523521,581.13
images/regolith_train_00146.jpg,2,0.42709,-0.120139,-0.511148,208.97
images/regolith_train_00147.jpg,0,-0.317962,0.383786,0.407646,653.86
images/regolith_train_00148.jpg,0,0.219754,0.007668,-0.060385,643.2
images/regolith_train_00149.jpg,1,-0.065318,-0.367852,0.204807,367.98
images/regolith_train_00150.jpg,3,0.358937,-0.033883,-0.946185,202.85
images/regolith_train_00151.jpg,0,-0.115124,-0.171964,0.590669,535.22
images/regolith_train_00152.jpg,3,0.394633,-0.020822,-0.87995,207.15
images/regolith_train_00153.jpg,1,0.255593,0.520424,-0.504061,686.4
images/regolith_train_00154.jpg,3,0.329777,-0.230251,-0.866296,300.9
images/regolith_train_00155.jpg,2,-0.180981,0.401015,-0.079359,408.16
images/regolith_train_00156.jpg,2,0.570584,0.294129,-0.623385,258.55
images/regolith_train_00157.jpg,0,-0.24456,0.05196,0.216634,747.1
images/regolith_train_00158.jpg,1,-0.217145,0.39294,0.26843,451.42
images/regolith_train_00159.jpg,1,0.191483,0.220029,-0.331986,614.83
images/regolith_train_00160.jpg,0,0.434214,0.081618,-0.383958,756.44
images/regolith_train_00161.jpg,2,-0.233425,-0.022445,0.065828,217.1
images/regolith_train_00162.jpg,2,-0.12284,-0.377686,-0.135846,378.42
images/regolith_train_00163.jpg,0,0.16502,-0.014827,0.081258,642.89
images/regolith_train_00164.jpg,0,0.325795,-0.169421,-0.365114,770.71
images/regolith_train_00165.jpg,0,-0.052946,0.58015,0.462945,624.25
images/regolith_train_00166.jpg,2,-0.390791,0.249569,0.038197,427.63
images/regolith_train_00167.jpg,0,0.161937,0.036091,0.122344,636.74
images/regolith_train_00168.jpg,3,-0.273282,-0.06562,-0.241323,270.93
images/regolith_train_00169.jpg,2,-0.409412,-0.311422,0.269768,246.28
images/regolith_train_00170.jpg,0,-0.261793,0.169392,0.482539,637.6
images/regolith_train_00171.jpg,2,0.169735,-0.126517,-0.329898,381.28
images/regolith_train_00172.jpg,0,-0.146174,0.080262,0.29677,700.87
images/regolith_train_00173.jpg,2,-0.11712,-0.073295,0.053765,254.55
images/regolith_train_00174.jpg,0,-0.066321,0.096095,0.198791,747.81
images/regolith_train_00175.jpg,0,0.18295,0.124735,-0.14029,643.18
images/regolith_train_00176.jpg,0,0.08122,0.258686,0.219491,702.02
images/regolith_train_00177.jpg,1,-0.478578,0.271999,0.493265,560.56
images/regolith_train_00178.jpg,3,0.021754,0.361267,-0.421088,237.18
images/regolith_train_00179.jpg,0,0.32111,-0.286222,-0.213729,759.75
images/regolith_train_00180.jpg,3,0.131036,-0.16775,-0.585013,181.44
images/regolith_train_00181.jpg,3,-0.110115,0.11492,-0.462311,229.82
images/regolith_train_00182.jpg,1,0.356086,-0.335358,-0.434617,529.67
images/regolith_train_00183.jpg,2,-0.088791,0.16589,-0.159405,333.81
images/regolith_train_00184.jpg,1,0.330407,-0.003827,-0.316132,526.63
images/regolith_train_00185.jpg,3,0.183601,-0.049651,-0.795288,217.18
images/regolith_train_00186.jpg,3,0.376569,-0.356799,-0.905317,238.27
images/regolith_train_00187.jpg,2,-0.367529,0.514027,-0.12106,509.66
images/regolith_train_00188.jpg,2,-0.47302,0.26935,0.254821,330.8
images/regolith_train_00189.jpg,0,0.373197,0.040496,-0.093442,657.88
images/regolith_train_00190.jpg,0,0.200588,-0.057425,-0.07235,642.16
images/regolith_train_00191.jpg,0,0.25803,0.083477,-0.175183,739.54
images/regolith_train_00192.jpg,2,-0.415282,0.11645,0.043576,442.65
images/regolith_train_00193.jpg,0,-0.070012,-0.083145,0.171242,636.47
images/regolith_train_00194.jpg,2,0.16358,-0.162456,-0.592292,474.02
images/regolith_train_00195.jpg,1,-0.357858,-0.025991,0.306722,479.79
images/regolith_train_00196.jpg,3,-0.032458,0.228247,-0.486586,278.76
images/regolith_train_00197.jpg,3,0.289656,-0.134505,-0.8452,216.56
images/regolith_train_00198.jpg,3,-0.266449,-0.026952,-0.154115,113.34
images/regolith_train_00199.jpg,2,-0.351694,0.4485,0.222644,344.59
images/regolith_train_00200.jpg,1,2e-05,-0.247103,0.079231,488.83
images/regolith_train_00201.jpg,2,0.260786,-0.127457,-0.479566,325.1
images/regolith_train_00202.jpg,3,0.267782,0.384915,-0.84461,295.63
images/regolith_train_00203.jpg,0,0.123757,0.297048,-0.024301,750.14
images/regolith_train_00204.jpg,0,0.383572,-0.047248,-0.195068,690.33
images/regolith_train_00205.jpg,0,-0.237865,0.341025,0.371968,717.49
images/regolith_train_00206.jpg,2,0.27381,0.009811,-0.65046,405.23
images/regolith_train_00207.jpg,0,-0.135702,0.279909,0.322684,622.68
images/regolith_train_00208.jpg,2,0.065385,0.360553,-0.399701,351.4
images/regolith_train_00209.jpg,0,-0.070162,0.165019,0.228784,698.34
images/regolith_train_00210.jpg,1,0.298888,-0.372189,-0.329935,581.0
images/regolith_train_00211.jpg,2,0.29188,0.483982,-0.616469,400.8
images/regolith_train_00212.jpg,1,0.058387,0.376355,-0.110685,529.26
images/regolith_train_00213.jpg,2,0.073973,0.290913,-0.302123,367.15
images/regolith_train_00214.jpg,3,-0.200806,0.331127,-0.445349,211.28
images/regolith_train_00215.jpg,3,-0.073352,-0.122573,-0.466008,219.85
images/regolith_train_00216.jpg,2,-0.205451,-0.016889,0.035014,305.31
images/regolith_train_00217.jpg,1,0.115014,-0.278538,0.101077,511.95
images/regolith_train_00218.jpg,1,0.00746,-0.221612,-0.022951,549.39
images/regolith_train_00219.jpg,0,0.174338,-0.085349,-0.111565,698.89
images/regolith_train_00220.jpg,1,-0.033701,0.181186,0.0082,506.04
images/regolith_train_00221.jpg,1,0.374124,-0.074664,-0.369402,556.49
images/regolith_train_00222.jpg,1,0.151371,0.037981,-0.171099,559.16
images/regolith_train_00223.jpg,2,0.073272,0.087995,-0.447843,469.05
images/regolith_train_00224.jpg,1,-0.256484,0.245758,0.107434,513.53
images/regolith_train_00225.jpg,2,0.499733,-0.093806,-0.905382,419.44
images/regolith_train_00226.jpg,1,-0.251691,0.353376,0.145239,558.18
images/regolith_train_00227.jpg,2,-0.102639,-0.006563,-0.090854,263.98
images/regolith_train_00228.jpg,2,-0.120516,-0.203953,-0.142602,339.96
images/regolith_train_00229.jpg,2,0.570626,0.407193,-0.966172,446.34
images/regolith_train_00230.jpg,1,-0.496544,0.427175,0.552356,447.68
images/regolith_train_00231.jpg,2,0.525522,-0.047174,-0.925924,465.52
images/regolith_train_00232.jpg,1,0.000214,0.239425,-0.047282,502.12
images/regolith_train_00233.jpg,1,-0.528824,0.246905,0.431838,542.81
images/regolith_train_00234.jpg,0,0.303683,0.112297,0.09112,608.44
images/regolith_train_00235.jpg,2,-0.24029,-0.014797,0.070662,265.93
images/regolith_train_00236.jpg,0,-0.052433,-0.084313,0.537141,550.51
images/regolith_train_00237.jpg,0,-0.123182,0.014324,0.483023,583.96
images/regolith_train_00238.jpg,0,-0.055806,0.28846,0.180668,682.43
images/regolith_train_00239.jpg,2,0.183617,0.106879,-0.513227,391.07
images/regolith_train_00240.jpg,1,-0.195302,0.319391,0.251781,529.0
images/regolith_train_00241.jpg,2,-0.523876,-0.061006,0.216878,277.21
images/regolith_train_00242.jpg,3,0.291634,-0.27931,-0.956127,383.56
images/regolith_train_00243.jpg,2,-0.065513,-0.238951,-0.151543,331.8
images/regolith_train_00244.jpg,2,0.105769,-0.195216,-0.304829,337.4
images/regolith_train_00245.jpg,3,0.32289,-0.107182,-0.949637,226.18
images/regolith_train_00246.jpg,3,-0.299219,-0.316511,0.019075,156.85
images/regolith_train_00247.jpg,0,0.199678,-0.27646,-0.066269,686.25
images/regolith_train_00248.jpg,0,0.397824,0.18232,-0.092295,600.31
images/regolith_train_00249.jpg,2,0.311534,-0.101136,-0.487252,360.58
images/regolith_train_00250.jpg,1,0.518684,0.079946,-0.581923,605.32
images/regolith_train_00251.jpg,0,0.252715,-0.023659,0.072681,633.39
images/regolith_train_00252.jpg,1,0.262997,0.040831,-0.160604,437.31
images/regolith_train_00253.jpg,1,-0.207395,0.558604,0.261926,517.46
images/regolith_train_00254.jpg,0,-0.128257,0.170454,0.288845,744.04
images/regolith_train_00255.jpg,1,-0.168998,-0.048682,0.098619,500.53
images/regolith_train_00256.jpg,3,0.292805,0.111752,-0.757739,260.82
images/regolith_train_00257.jpg,1,-0.158255,-0.121233,0.21928,513.17
images/regolith_train_00258.jpg,1,0.23776,-0.369942,-0.250249,472.27
images/regolith_train_00259.jpg,2,-0.327621,-0.343939,0.02024,323.99
images/regolith_train_00260.jpg,1,0.09757,-0.138039,-0.46555,677.35
images/regolith_train_00261.jpg,3,-0.228459,0.373385,-0.32849,191.18
images/regolith_train_00262.jpg,2,-0.216712,0.372076,-0.180215,410.72
images/regolith_train_00263.jpg,0,-0.293746,-0.012385,0.466916,702.56
images/regolith_train_00264.jpg,0,-0.06564,-0.124863,0.142275,664.83
images/regolith_train_00265.jpg,0,0.236515,0.07378,0.045824,661.05
images/regolith_train_00266.jpg,2,0.422629,0.360646,-0.583664,278.66
images/regolith_train_00267.jpg,1,0.12916,-0.135795,-0.289894,520.66
images/regolith_train_00268.jpg,1,0.173684,0.355628,-0.284658,563.01
images/regolith_train_00269.jpg,2,0.346553,0.24328,-0.698073,431.14
images/regolith_train_00270.jpg,0,0.159603,0.105138,0.233332,563.17
images/regolith_train_00271.jpg,3,-0.081261,0.114183,-0.51196,308.96
images/regolith_train_00272.jpg,2,-0.160226,0.25772,-0.097059,364.22
images/regolith_train_00273.jpg,3,-0.185592,0.245434,-0.117674,93.4
images/regolith_train_00274.jpg,3,-0.044791,0.046831,-0.624659,274.95
images/regolith_train_00275.jpg,2,0.18951,0.113108,-0.510259,392.84
images/regolith_train_00276.jpg,3,0.132525,-0.185378,-0.69723,260.13
images/regolith_train_00277.jpg,1,-0.342296,0.330044,0.096779,604.75
images/regolith_train_00278.jpg,2,-0.395211,-0.340717,0.237751,259.69
images/regolith_train_00279.jpg,1,-0.48025,-0.079624,0.280813,575.96
images/regolith_train_00280.jpg,0,0.469364,0.09269,-0.290703,672.22
images/regolith_train_00281.jpg,0,0.266615,0.401502,0.167535,616.39
images/regolith_train_00282.jpg,3,-0.159846,-0.212566,-0.358226,241.61
images/regolith_train_00283.jpg,0,0.156998,0.482391,0.086315,596.4
images/regolith_train_00284.jpg,0,0.470983,0.109918,-0.091142,584.8
images/regolith_train_00285.jpg,3,-0.06888,-0.086693,-0.385344,168.74
images/regolith_train_00286.jpg,0,0.199363,0.051618,0.09031,624.85
images/regolith_train_00287.jpg,2,0.140464,0.389491,-0.316419,366.14
images/regolith_train_00288.jpg,1,0.444012,0.20581,-0.244911,474.21
images/regolith_train_00289.jpg,1,0.167507,0.530546,-0.168815,518.14
images/regolith_train_00290.jpg,0,0.074698,0.097929,0.029012,674.59
images/regolith_train_00291.jpg,2,-0.096637,-0.123605,-0.329173,433.13
images/regolith_train_00292.jpg,3,-0.272237,0.387606,-0.165267,223.98
images/regolith_train_00293.jpg,1,-0.179811,0.166893,-0.027923,655.31
images/regolith_train_00294.jpg,0,0.044584,-0.198168,0.092072,699.23
images/regolith_train_00295.jpg,1,-0.2391,0.141932,0.358562,449.14
images/regolith_train_00296.jpg,0,0.151075,0.335148,0.067756,648.14
images/regolith_train_00297.jpg,0,-0.248425,-0.09928,0.489995,652.83
images/regolith_train_00298.jpg,0,-0.095871,-0.007159,0.419601,635.84
images/regolith_train_00299.jpg,3,0.316126,0.243519,-0.894848,279.95
images/regolith_train_00300.jpg,1,-0.386152,0.22572,0.335002,547.3
images/regolith_train_00301.jpg,2,-0.177911,0.104643,0.196506,309.43
images/regolith_train_00302.jpg,2,-0.271752,-0.298392,0.083334,326.21
images/regolith_train_00303.jpg,0,0.182805,-0.12136,0.096215,684.86
images/regolith_train_00304.jpg,2,-0.152254,-0.043968,-0.247864,366.91
images/regolith_train_00305.jpg,3,0.352839,0.456582,-0.734269,166.3
images/regolith_train_00306.jpg,3,0.386985,-0.084198,-0.843115,205.66
images/regolith_train_00307.jpg,0,0.221712,0.014729,-0.046574,698.55
images/regolith_train_00308.jpg,1,0.040038,0.371553,-0.07402,543.57
images/regolith_train_00309.jpg,1,0.201822,-0.083318,-0.228357,541.38
images/regolith_train_00310.jpg,0,-0.166089,0.068075,0.234281,734.89
images/regolith_train_00311.jpg,3,-0.095371,-0.006759,-0.348257,172.52
images/regolith_train_00312.jpg,2,0.190777,-0.136775,-0.41148,347.46
images/regolith_train_00313.jpg,1,-0.014682,-0.080112,0.005242,552.87
images/regolith_train_00314.jpg,1,-0.409223,0.64731,0.336783,547.21
images/regolith_train_00315.jpg,0,-0.245762,0.311306,0.406822,673.17
images/regolith_train_00316.jpg,0,0.470244,0.14326,-0.364711,715.61
images/regolith_train_00317.jpg,3,0.336193,-0.306535,-0.875355,261.68
images/regolith_train_00318.jpg,3,0.376778,-0.227275,-0.707384,232.66
images/regolith_train_00319.jpg,1,0.33055,-0.509278,-0.537591,608.85
images/regolith_train_00320.jpg,0,0.186834,-0.131476,0.04756,660.47
images/regolith_train_00321.jpg,3,-0.365438,0.26322,-0.141766,130.25
images/regolith_train_00322.jpg,1,0.32955,0.031906,-0.489765,674.39
images/regolith_train_00323.jpg,1,0.431553,0.505696,-0.382551,561.1
images/regolith_train_00324.jpg,0,0.009226,-0.123887,0.124279,703.18
images/regolith_train_00325.jpg,1,0.165176,-0.244648,-0.132166,539.47
images/regolith_train_00326.jpg,2,0.025314,-0.349505,-0.406536,380.6
images/regolith_train_00327.jpg,3,-0.221624,-0.171353,-0.258121,238.72
images/regolith_train_00328.jpg,3,-0.378175,-0.069794,-0.328897,261.63
images/regolith_train_00329.jpg,1,-0.304348,-0.282542,0.16009,574.56
images/regolith_train_00330.jpg,0,-0.161283,0.109926,0.389191,725.3
images/regolith_train_00331.jpg,3,0.07794,-0.148164,-0.607921,267.87
images/regolith_train_00332.jpg,1,0.431276,-0.184886,-0.464732,575.3
images/regolith_train_00333.jpg,3,-0.020156,0.082939,-0.604162,289.03
images/regolith_train_00334.jpg,2,-0.221383,0.4985,0.054121,276.3
images/regolith_train_00335.jpg,1,-0.285115,0.105483,0.407595,484.08
images/regolith_train_00336.jpg,1,-0.298059,-0.017657,0.203958,578.6
images/regolith_train_00337.jpg,1,0.433895,0.20008,-0.577921,559.34
images/regolith_train_00338.jpg,2,-0.335714,0.436732,0.102632,359.16
images/regolith_train_00339.jpg,3,-0.146857,0.188885,-0.366035,262.86
images/regolith_train_00340.jpg,0,-0.036383,-0.005259,0.176935,749.22
images/regolith_train_00341.jpg,2,0.068342,0.382088,-0.507667,503.13
images/regolith_train_00342.jpg,3,0.232747,0.188785,-0.70919,238.91
images/regolith_train_00343.jpg,1,0.265649,-0.03,-0.348978,592.54
images/regolith_train_00344.jpg,0,0.034203,0.007596,0.288897,584.79
images/regolith_train_00345.jpg,3,0.153168,0.301812,-0.814034,237.18
images/regolith_train_00346.jpg,3,-0.074484,0.17594,-0.470113,264.17
images/regolith_train_00347.jpg,1,-0.434998,-0.271159,0.438657,447.55
images/regolith_train_00348.jpg,3,-0.060108,0.190346,-0.488289,201.71
images/regolith_train_00349.jpg,1,-0.326519,0.244336,0.237531,579.41
images/regolith_train_00350.jpg,3,-0.392005,0.0595,0.008742,195.15
images/regolith_train_00351.jpg,2,0.22405,-0.066896,-0.524118,374.97
images/regolith_train_00352.jpg,3,-0.372589,0.219962,0.023469,132.09
images/regolith_train_00353.jpg,1,-0.193351,0.106078,0.137336,579.23
images/regolith_train_00354.jpg,3,0.173335,-0.128338,-0.579434,234.92
images/regolith_train_00355.jpg,2,0.224726,0.235563,-0.300608,286.85
images/regolith_train_00356.jpg,0,0.513273,0.151053,-0.270298,709.66
images/regolith_train_00357.jpg,3,0.314997,0.241549,-0.661721,148.55
images/regolith_train_00358.jpg,0,-0.259976,0.362095,0.340621,705.89
images/regolith_train_00359.jpg,3,-0.387979,-0.068942,-0.191712,273.88
images/regolith_train_00360.jpg,1,-0.321969,0.236992,0.329539,439.52
images/regolith_train_00361.jpg,3,-0.259258,0.036396,-0.532189,300.38
images/regolith_train_00362.jpg,0,0.520074,-0.138433,-0.265022,600.63
images/regolith_train_00363.jpg,2,0.273257,-0.075039,-0.445539,379.11
images/regolith_train_00364.jpg,2,0.326962,-0.183959,-0.72902,487.28
images/regolith_train_00365.jpg,1,0.322825,-0.221801,-0.650496,690.62
images/regolith_train_00366.jpg,0,-0.144679,-0.181756,0.503355,563.63
images/regolith_train_00367.jpg,2,0.243721,0.424808,-0.481692,368.75
images/regolith_train_00368.jpg,2,0.412723,0.101499,-0.826544,368.34
images/regolith_train_00369.jpg,3,-0.182052,-0.166274,-0.403975,219.44
images/regolith_train_00370.jpg,2,0.401551,-0.202215,-0.606642,330.25
images/regolith_train_00371.jpg,1,0.158053,0.150491,-0.378215,570.07
images/regolith_train_00372.jpg,3,-0.153032,0.134313,-0.257735,184.19
images/regolith_train_00373.jpg,2,0.273855,0.415405,-0.570763,470.76
images/regolith_train_00374.jpg,1,0.253287,0.029211,-0.386651,564.23
images/regolith_train_00375.jpg,2,0.504622,0.336311,-0.722359,316.37
images/regolith_train_00376.jpg,3,-0.095609,0.286093,-0.748395,371.02
images/regolith_train_00377.jpg,0,0.348048,0.149994,0.065381,567.51
images/regolith_train_00378.jpg,3,-0.174933,0.042722,-0.229331,208.44
images/regolith_train_00379.jpg,3,0.179694,0.324481,-0.596495,201.93
images/regolith_train_00380.jpg,1,-0.423619,0.112064,0.352375,591.22
images/regolith_train_00381.jpg,2,0.336783,0.287384,-0.603356,422.67
images/regolith_train_00382.jpg,1,-0.184578,-0.234227,0.023696,610.73
images/regolith_train_00383.jpg,1,-0.100583,-0.285739,0.104531,551.89
images/regolith_train_00384.jpg,2,-0.064315,-0.149606,-0.099207,301.72
images/regolith_train_00385.jpg,3,0.030359,0.222921,-0.424265,127.39
images/regolith_train_00386.jpg,0,0.085264,0.524637,0.23872,629.76
images/regolith_train_00387.jpg,1,0.439197,0.245253,-0.545901,540.35
images/regolith_train_00388.jpg,3,0.379031,0.153174,-0.779787,236.98
images/regolith_train_00389.jpg,1,0.466109,0.053496,-0.535096,565.43
images/regolith_train_00390.jpg,1,-0.22957,0.07783,0.134442,613.2
images/regolith_train_00391.jpg,0,0.089625,0.119379,0.088045,726.01
images/regolith_train_00392.jpg,1,-0.449258,0.111576,0.42074,507.07
images/regolith_train_00393.jpg,0,0.18151,-0.160968,0.077016,637.82
images/regolith_train_00394.jpg,3,-0.418658,-0.185195,-0.044398,150.56
images/regolith_train_00395.jpg,0,0.117133,-0.010879,0.206936,614.22
images/regolith_train_00396.jpg,2,0.267732,0.025767,-0.345245,291.59
images/regolith_train_00397.jpg,3,0.044178,-0.349389,-0.661015,212.15
images/regolith_train_00398.jpg,0,-0.213602,0.478842,0.245614,786.19
images/regolith_train_00399.jpg,3,0.224961,-0.051369,-0.725428,251.13
images/regolith_train_00400.jpg,2,0.175454,0.207931,-0.362245,286.12
images/regolith_train_00401.jpg,2,-0.463592,0.564074,0.079882,472.91
images/regolith_train_00402.jpg,2,0.374441,0.409966,-0.57565,358.59
images/regolith_train_00403.jpg,0,-0.199432,-0.008796,0.506684,625.41
images/regolith_train_00404.jpg,3,0.07909,0.390982,-0.576302,262.6
images/regolith_train_00405.jpg,2,0.338262,0.038332,-0.575956,382.34
images/regolith_train_00406.jpg,1,-0.081839,0.373252,0.020637,602.22
images/regolith_train_00407.jpg,0,0.065707,-0.185711,0.311564,595.91
images/regolith_train_00408.jpg,0,-0.199403,0.018987,0.343067,665.39
images/regolith_train_00409.jpg,2,-0.060777,0.668116,-0.25971,398.16
images/regolith_train_00410.jpg,2,0.302078,-0.15931,-0.790941,437.07
images/regolith_train_00411.jpg,2,0.011859,-0.069941,-0.396234,338.68
images/regolith_train_00412.jpg,0,-0.26082,0.352688,0.273266,741.44
images/regolith_train_00413.jpg,2,-0.065978,0.261633,-0.282712,387.63
images/regolith_train_00414.jpg,1,0.20115,-0.412968,-0.09187,427.38
images/regolith_train_00415.jpg,2,-0.027815,-0.134442,-0.206389,308.79
images/regolith_train_00416.jpg,0,0.153904,-0.073049,0.163799,643.59
images/regolith_train_00417.jpg,3,-0.337758,-0.024202,-0.092371,226.72
images/regolith_train_00418.jpg,0,-0.323882,0.094453,0.676129,552.6
images/regolith_train_00419.jpg,3,-0.107603,-0.230491,-0.2158,156.82
images/regolith_train_00420.jpg,0,0.278391,0.015069,0.120004,600.43
images/regolith_train_00421.jpg,1,-0.294553,0.339316,0.446112,388.28
images/regolith_train_00422.jpg,1,0.166547,-0.285666,-0.231012,531.58
images/regolith_train_00423.jpg,2,0.531495,0.048001,-0.919191,395.13
images/regolith_train_00424.jpg,0,0.119594,-0.237329,0.126538,658.69
images/regolith_train_00425.jpg,3,0.180492,0.002817,-0.517846,125.67
images/regolith_train_00426.jpg,3,0.240922,0.338699,-0.729649,255.33
images/regolith_train_00427.jpg,1,-0.329486,-0.109313,0.133766,565.36
images/regolith_train_00428.jpg,1,0.010598,-0.06626,-0.086936,531.92
images/regolith_train_00429.jpg,3,0.243853,0.436215,-0.792484,269.04
images/regolith_train_00430.jpg,1,-0.073611,-0.252019,0.061678,514.68
images/regolith_train_00431.jpg,2,-0.16348,-0.044231,-0.145391,378.05
images/regolith_train_00432.jpg,0,-0.249527,0.139292,0.4666,629.82
images/regolith_train_00433.jpg,2,0.166288,-0.225779,-0.526488,385.4
images/regolith_train_00434.jpg,2,-0.379847,0.494152,0.132917,314.44
images/regolith_train_00435.jpg,0,-0.052054,0.280075,0.472082,564.55
images/regolith_train_00436.jpg,1,0.123789,0.388232,-0.240659,625.33
images/regolith_train_00437.jpg,0,0.25829,0.056138,-0.149118,746.07
images/regolith_train_00438.jpg,1,-0.150109,0.05676,0.069668,615.75
images/regolith_train_00439.jpg,1,0.234244,-0.040777,-0.258606,504.86
images/regolith_train_00440.jpg,3,0.148962,0.205037,-0.666625,189.7
images/regolith_train_00441.jpg,2,-0.055383,-0.153687,-0.243268,356.52
images/regolith_train_00442.jpg,3,-0.050312,0.178702,-0.461669,253.4
images/regolith_train_00443.jpg,1,-0.06459,-0.18973,0.058516,522.78
images/regolith_train_00444.jpg,0,0.191705,-0.070709,0.194286,587.77
images/regolith_train_00445.jpg,3,0.281419,-0.080497,-0.890279,288.36
images/regolith_train_00446.jpg,2,-0.186448,0.480097,-0.053281,350.36
images/regolith_train_00447.jpg,0,-0.195469,0.095894,0.370166,713.16
images/regolith_train_00448.jpg,3,0.313612,-0.364738,-0.809793,207.57
images/regolith_train_00449.jpg,3,-0.10701,0.033588,-0.349331,116.65
images/regolith_train_00450.jpg,3,-0.13818,0.250214,-0.422584,268.03
images/regolith_train_00451.jpg,2,0.162081,0.528716,-0.29352,280.64
images/regolith_train_00452.jpg,1,0.052224,0.095369,-0.032625,554.75
images/regolith_train_00453.jpg,1,0.495008,0.458805,-0.449516,542.08
images/regolith_train_00454.jpg,0,0.165451,0.268992,-0.04919,750.77
images/regolith_train_00455.jpg,2,-0.177992,-0.182513,0.145324,262.81
images/regolith_train_00456.jpg,1,0.498165,-0.005583,-0.495587,557.08
images/regolith_train_00457.jpg,2,0.029062,0.247829,-0.287243,333.15
images/regolith_train_00458.jpg,0,0.283245,0.229764,-0.019641,646.6
images/regolith_train_00459.jpg,1,-0.250029,-0.084438,-0.050905,687.26
images/regolith_train_00460.jpg,2,0.4108,-0.325846,-0.824141,419.44
images/regolith_train_00461.jpg,2,0.074422,-0.128284,-0.462271,412.7
images/regolith_train_00462.jpg,3,0.183978,-0.166889,-0.779598,372.64
images/regolith_train_00463.jpg,2,0.070068,-0.4102,-0.191471,296.1
images/regolith_train_00464.jpg,1,0.591986,-0.082193,-0.625829,496.06
images/regolith_train_00465.jpg,3,0.279422,0.152379,-0.714649,239.47
images/regolith_train_00466.jpg,2,0.127162,0.077021,-0.537686,383.64
images/regolith_train_00467.jpg,2,-0.250041,-0.239203,-0.148576,433.99
images/regolith_train_00468.jpg,1,-0.417697,-0.159435,0.243345,528.64
images/regolith_train_00469.jpg,0,-0.064404,0.014823,0.27285,709.23
images/regolith_train_00470.jpg,2,-0.195549,0.316921,-0.044909,327.18
images/regolith_train_00471.jpg,2,0.244836,0.155433,-0.323958,344.31
images/regolith_train_00472.jpg,2,0.467702,-0.183189,-0.703601,354.6
images/regolith_train_00473.jpg,3,-0.147148,0.063474,-0.559485,239.19
images/regolith_train_00474.jpg,2,0.137149,-0.080991,-0.429447,374.5
images/regolith_train_00475.jpg,1,0.104755,-0.058621,-0.011986,471.87
images/regolith_train_00476.jpg,1,0.272823,-0.100264,-0.460504,615.18
images/regolith_train_00477.jpg,0,0.038025,0.139125,0.216658,618.06
images/regolith_train_00478.jpg,3,-0.300141,-0.071193,-0.239516,211.39
images/regolith_train_00479.jpg,1,0.149793,-0.153984,-0.16661,551.15
images/regolith_train_00480.jpg,1,-0.366434,-0.349415,0.327834,450.01
images/regolith_train_00481.jpg,3,-0.177508,0.062233,-0.3281,207.72
images/regolith_train_00482.jpg,3,0.12908,0.259095,-0.864931,326.2
images/regolith_train_00483.jpg,3,-0.174292,0.217244,-0.38203,351.48
images/regolith_train_00484.jpg,0,0.272775,-0.122467,-0.043596,673.86
images/regolith_train_00485.jpg,1,-0.284825,-0.012969,0.213175,574.87
images/regolith_train_00486.jpg,0,0.301925,0.470152,-0.126668,654.31
images/regolith_train_00487.jpg,0,-0.174534,-0.194062,0.543771,684.97
images/regolith_train_00488.jpg,0,0.066802,0.267086,0.019404,686.17
images/regolith_train_00489.jpg,1,0.39296,-0.011184,-0.439813,558.4
images/regolith_train_00490.jpg,1,0.460451,0.275014,-0.332131,497.75
images/regolith_train_00491.jpg,0,-0.180669,-0.335249,0.195905,761.38
images/regolith_train_00492.jpg,1,-0.235624,0.376195,0.136804,500.6
images/regolith_train_00493.jpg,2,0.453994,-0.013656,-0.79865,369.62
images/regolith_train_00494.jpg,3,0.082157,0.375776,-0.635567,196.08
images/regolith_train_00495.jpg,2,-0.322052,-0.196968,0.067431,308.3
images/regolith_train_00496.jpg,1,-0.098539,0.209322,0.074093,589.01
images/regolith_train_00497.jpg,1,0.506888,0.293938,-0.468046,530.38
images/regolith_train_00498.jpg,1,-0.009414,0.494212,-0.167978,605.67
images/regolith_train_00499.jpg,2,-0.008699,0.578821,-0.22069,401.75
images/regolith_train_00500.jpg,2,-0.405427,0.078999,0.159205,306.03
images/regolith_train_00501.jpg,2,-0.253845,0.639438,-0.04557,379.87
images/regolith_train_00502.jpg,3,-0.119258,-0.248631,-0.214987,192.7
images/regolith_train_00503.jpg,3,0.183717,0.276491,-0.387439,100.76
images/regolith_train_00504.jpg,0,-0.15917,0.148476,0.345931,703.35
images/regolith_train_00505.jpg,2,0.451554,-0.438509,-0.467582,269.98
images/regolith_train_00506.jpg,0,-0.177405,-0.032273,0.347142,715.29
images/regolith_train_00507.jpg,0,0.499801,0.202006,-0.471682,800.0
images/regolith_train_00508.jpg,3,0.217165,-0.072246,-0.69746,244.42
images/regolith_train_00509.jpg,2,0.36104,0.346876,-0.659065,368.78
images/regolith_train_00510.jpg,2,0.159363,-0.084398,-0.325768,322.6
images/regolith_train_00511.jpg,3,-0.189531,0.095117,-0.333808,258.0
images/regolith_train_00512.jpg,3,-0.253163,-0.197555,-0.336499,251.2
images/regolith_train_00513.jpg,0,0.489748,-0.021144,-0.344227,729.49
images/regolith_train_00514.jpg,2,-0.233443,-0.012463,-0.035141,375.11
images/regolith_train_00515.jpg,3,-0.235297,0.048624,-0.197083,176.59
images/regolith_train_00516.jpg,1,-0.260278,-0.063644,0.191319,550.03
images/regolith_train_00517.jpg,1,-0.087826,0.236603,0.132271,546.9
images/regolith_train_00518.jpg,0,-0.13456,-0.016947,0.374479,687.41
images/regolith_train_00519.jpg,0,0.083577,0.082591,0.262214,646.41
images/regolith_train_00520.jpg,2,0.455159,-0.002399,-0.705458,328.74
images/regolith_train_00521.jpg,1,-0.39555,-0.147341,0.227857,534.34
images/regolith_train_00522.jpg,0,0.33204,-0.157091,-0.019562,698.69
images/regolith_train_00523.jpg,3,0.010315,-0.186777,-0.464177,189.04
images/regolith_train_00524.jpg,0,0.339903,0.434828,-0.115217,739.13
images/regolith_train_00525.jpg,3,0.055445,0.333189,-0.666579,253.94
images/regolith_train_00526.jpg,2,-0.288289,0.131041,-0.140877,440.03
images/regolith_train_00527.jpg,3,-0.194606,0.166238,-0.322698,177.37
images/regolith_train_00528.jpg,1,-0.320278,0.171933,0.313488,508.84
images/regolith_train_00529.jpg,2,-0.05041,-0.175876,-0.152653,262.39
images/regolith_train_00530.jpg,1,0.2776,-0.307324,-0.338409,511.5
images/regolith_train_00531.jpg,0,0.383668,-0.183964,-0.166245,643.66
images/regolith_train_00532.jpg,3,-0.141312,0.271911,-0.295248,239.76
images/regolith_train_00533.jpg,2,-0.3236,0.310948,0.088298,291.88
images/regolith_train_00534.jpg,1,0.338993,-0.196303,-0.389856,524.07
images/regolith_train_00535.jpg,0,-0.024297,0.343223,0.288926,563.05
images/regolith_train_00536.jpg,0,0.387515,-0.18692,0.025418,576.97
images/regolith_train_00537.jpg,1,0.00728,0.446611,0.015256,543.69
images/regolith_train_00538.jpg,3,-0.019849,0.386275,-0.356934,193.69
images/regolith_train_00539.jpg,3,-0.270528,-0.382022,-0.30024,230.12
images/regolith_train_00540.jpg,3,0.202385,-0.09374,-0.529796,143.64
images/regolith_train_00541.jpg,3,0.353416,0.118836,-0.764612,226.92
images/regolith_train_00542.jpg,2,0.133744,0.195497,-0.255975,326.64
images/regolith_train_00543.jpg,0,-0.030521,0.307336,0.242844,707.08
images/regolith_train_00544.jpg,3,-0.299683,-0.086776,-0.245972,251.06
images/regolith_train_00545.jpg,3,0.125502,0.024462,-0.74509,268.27
images/regolith_train_00546.jpg,3,0.164755,0.033776,-0.427857,97.26
images/regolith_train_00547.jpg,0,0.007371,-0.302222,0.160045,704.97
images/regolith_train_00548.jpg,3,-0.335565,0.410129,-0.236442,263.61
images/regolith_train_00549.jpg,0,-0.003165,0.356315,0.144654,733.9
images/regolith_train_00550.jpg,1,-0.163039,0.522574,0.158374,508.79
images/regolith_train_00551.jpg,0,0.238999,-0.203923,0.216548,583.19
images/regolith_train_00552.jpg,3,0.03248,0.139845,-0.500607,230.85
images/regolith_train_00553.jpg,0,0.034847,0.11468,0.191375,668.16
images/regolith_train_00554.jpg,0,0.197551,0.014224,0.002003,667.24
images/regolith_train_00555.jpg,0,-0.12925,0.220782,0.279173,641.24
images/regolith_train_00556.jpg,2,-0.193625,-0.175838,0.012987,380.73
images/regolith_train_00557.jpg,2,-0.440928,-0.227239,0.315465,344.55
images/regolith_train_00558.jpg,2,-0.352799,0.049916,-0.079335,422.04
images/regolith_train_00559.jpg,0,-0.004875,0.109384,0.27636,676.8
images/regolith_train_00560.jpg,0,0.074543,0.252515,0.312754,574.88
images/regolith_train_00561.jpg,1,-0.148817,0.186175,0.174887,498.66
images/regolith_train_00562.jpg,3,-0.138517,0.295033,-0.348733,189.63
images/regolith_train_00563.jpg,3,0.098799,0.070726,-0.736818,272.5
images/regolith_train_00564.jpg,1,-0.157673,-0.465136,0.052794,555.83
images/regolith_train_00565.jpg,3,-0.170858,0.359157,-0.254138,158.86
images/regolith_train_00566.jpg,0,0.148821,-0.140601,0.369759,609.57
images/regolith_train_00567.jpg,0,0.352063,0.077346,0.054965,565.54
images/regolith_train_00568.jpg,2,0.490053,-0.034888,-0.678077,397.56
images/regolith_train_00569.jpg,0,-0.058878,-0.074624,0.053343,763.07
images/regolith_train_00570.jpg,3,0.074605,0.318683,-0.583291,265.7
images/regolith_train_00571.jpg,0,-0.122601,0.262264,0.375881,677.31
images/regolith_train_00572.jpg,0,0.254576,0.080771,0.109032,588.79
images/regolith_train_00573.jpg,2,-0.210599,-0.083649,-0.00846,329.56
images/regolith_train_00574.jpg,3,-0.173846,-0.069361,-0.324216,253.02
images/regolith_train_00575.jpg,3,-0.002031,-0.105874,-0.322997,124.03
images/regolith_train_00576.jpg,3,0.097571,0.04256,-0.735614,242.26
images/regolith_train_00577.jpg,3,-0.047664,-0.34626,-0.554661,273.32
images/regolith_train_00578.jpg,3,0.31452,0.275966,-1.0,364.71
images/regolith_train_00579.jpg,3,-0.083097,-0.056672,-0.337418,161.91
images/regolith_train_00580.jpg,1,-0.062048,-0.124922,-0.125569,599.92
images/regolith_train_00581.jpg,1,-0.325214,-0.339261,0.254011,538.77
images/regolith_train_00582.jpg,2,0.110756,0.059083,-0.411404,337.41
images/regolith_train_00583.jpg,3,-0.261375,0.012749,-0.416498,232.59
images/regolith_train_00584.jpg,1,-0.251962,-0.058858,0.268952,461.22
images/regolith_train_00585.jpg,3,0.261366,0.195622,-0.641045,220.53
images/regolith_train_00586.jpg,1,-0.161402,-0.185124,0.07403,631.67
images/regolith_train_00587.jpg,2,0.134443,-0.125927,-0.161559,243.3
images/regolith_train_00588.jpg,2,-0.223884,-0.261556,0.188073,240.2
images/regolith_train_00589.jpg,1,0.222187,-0.066271,-0.302052,581.09
images/regolith_train_00590.jpg,0,-0.069537,0.02396,0.291597,625.45
images/regolith_train_00591.jpg,0,-0.045671,-0.115919,0.210782,687.93
images/regolith_train_00592.jpg,3,0.075731,0.002479,-0.62431,237.34
images/regolith_train_00593.jpg,1,0.129021,-0.195648,-0.228983,579.96
images/regolith_train_00594.jpg,3,-0.273668,0.067086,-0.064699,212.69
images/regolith_train_00595.jpg,2,-0.36968,0.012625,0.207641,269.88
images/regolith_train_00596.jpg,0,0.44713,0.071598,-0.277732,689.42
images/regolith_train_00597.jpg,3,0.151856,0.278409,-0.580796,181.32
images/regolith_train_00598.jpg,3,0.332882,0.011252,-0.747385,190.25
images/regolith_train_00599.jpg,0,0.389818,0.188002,-0.157819,598.42
images/regolith_train_00600.jpg,3,-0.410169,-0.056982,-0.27433,291.39
images/regolith_train_00601.jpg,0,0.410317,0.032749,-0.170037,598.75
images/regolith_train_00602.jpg,3,0.156469,0.155182,-0.602597,263.47
images/regolith_train_00603.jpg,0,-0.141517,-0.257104,0.298539,756.4
images/regolith_train_00604.jpg,2,-0.145774,-0.110646,-0.159856,437.49
images/regolith_train_00605.jpg,2,-0.336677,0.001773,0.235776,327.81
images/regolith_train_00606.jpg,0,0.021049,0.091049,0.141425,742.9
images/regolith_train_00607.jpg,2,-0.330358,0.50752,-0.200959,437.36
images/regolith_train_00608.jpg,2,0.117662,0.367486,-0.372488,421.51
images/regolith_train_00609.jpg,1,0.218782,-0.02274,-0.437578,636.21
images/regolith_train_00610.jpg,2,-0.440847,0.109551,0.203321,292.11
images/regolith_train_00611.jpg,3,-0.300066,-0.182215,-0.265201,304.58
images/regolith_train_00612.jpg,0,-0.227484,-0.035358,0.294109,767.69
images/regolith_train_00613.jpg,3,0.333566,-0.140536,-0.933969,281.87
images/regolith_train_00614.jpg,2,-0.028078,0.216868,-0.263249,402.37
images/regolith_train_00615.jpg,0,0.337978,0.099388,-0.209057,695.62
images/regolith_train_00616.jpg,0,0.050539,-0.07413,0.121868,665.69
images/regolith_train_00617.jpg,2,0.202766,-0.218836,-0.447314,282.45
images/regolith_train_00618.jpg,0,-0.159514,0.278813,0.323179,695.74
images/regolith_train_00619.jpg,0,0.163431,0.091024,0.228767,582.26
images/regolith_train_00620.jpg,3,-0.250208,0.059362,-0.314765,181.11
images/regolith_train_00621.jpg,1,-0.262126,-0.138955,0.184544,563.63
images/regolith_train_00622.jpg,3,-0.066026,-0.167383,-0.434171,186.71
images/regolith_train_00623.jpg,2,0.183467,-0.022761,-0.459746,336.87
images/regolith_train_00624.jpg,3,-0.081398,0.284044,-0.463218,271.91
images/regolith_train_00625.jpg,2,-0.394799,-0.13689,0.033712,369.56
images/regolith_train_00626.jpg,2,0.017442,0.461608,-0.195579,396.26
images/regolith_train_00627.jpg,1,0.520229,0.028619,-0.343325,467.39
images/regolith_train_00628.jpg,1,0.440753,-0.086609,-0.537973,565.89
images/regolith_train_00629.jpg,2,-0.321922,-0.300532,0.07127,309.37
images/regolith_train_00630.jpg,2,0.338982,0.041874,-0.580624,326.63
images/regolith_train_00631.jpg,3,-0.110107,-0.085394,-0.502863,256.87
images/regolith_train_00632.jpg,1,-0.191999,0.156357,0.217997,458.79
images/regolith_train_00633.jpg,3,-0.346397,0.106695,-0.321569,328.86
images/regolith_train_00634.jpg,3,0.107192,0.124244,-0.553224,140.31
images/regolith_train_00635.jpg,1,0.438261,0.445642,-0.400126,580.22
images/regolith_train_00636.jpg,1,0.134655,0.471687,-0.137807,489.65
images/regolith_train_00637.jpg,0,0.246056,0.030961,-0.004767,683.64
images/regolith_train_00638.jpg,2,0.47115,0.408161,-0.648646,372.46
images/regolith_train_00639.jpg,3,-0.24102,0.36136,-0.238268,217.95
images/regolith_train_00640.jpg,3,0.010968,0.001246,-0.507514,222.4
images/regolith_train_00641.jpg,2,0.116387,0.406267,-0.364455,349.75
images/regolith_train_00642.jpg,3,0.266842,-0.223339,-0.667966,245.27
images/regolith_train_00643.jpg,2,0.469504,-0.427833,-0.603894,303.8
images/regolith_train_00644.jpg,0,-0.0432,-0.053131,0.478934,546.42
images/regolith_train_00645.jpg,2,-0.219021,0.471778,0.047498,308.87
images/regolith_train_00646.jpg,2,0.080125,-0.168884,-0.39529,380.59
images/regolith_train_00647.jpg,2,-0.088152,-0.092382,-0.500576,492.15
images/regolith_train_00648.jpg,2,-0.332536,0.232378,-0.008821,470.88
images/regolith_train_00649.jpg,1,-0.057031,0.435472,-0.158203,585.34
images/regolith_train_00650.jpg,0,0.350428,0.057833,-0.275239,800.0
images/regolith_train_00651.jpg,1,-0.315423,0.085262,0.355113,481.74
images/regolith_train_00652.jpg,1,-0.432352,-0.332349,0.330183,620.75
images/regolith_train_00653.jpg,3,0.140651,0.069601,-0.790027,274.46
images/regolith_train_00654.jpg,0,-0.268119,-0.14383,0.250078,800.0
images/regolith_train_00655.jpg,2,0.42842,0.450047,-0.68604,409.25
images/regolith_train_00656.jpg,3,0.212072,0.237641,-0.674935,218.08
images/regolith_train_00657.jpg,1,0.055793,0.327342,-0.250743,649.61
images/regolith_train_00658.jpg,0,-0.290141,0.071674,0.416474,729.7
images/regolith_train_00659.jpg,0,-0.091249,0.36526,0.53431,550.74
images/regolith_train_00660.jpg,0,-0.142579,0.238069,0.656724,588.83
images/regolith_train_00661.jpg,0,0.088842,0.149239,-0.06436,773.98
images/regolith_train_00662.jpg,0,-0.213268,0.201156,0.286011,740.87
images/regolith_train_00663.jpg,1,-0.335229,0.142743,0.273628,526.55
images/regolith_train_00664.jpg,2,0.177535,-0.039195,-0.560761,373.29
images/regolith_train_00665.jpg,1,0.411988,-0.318052,-0.571407,564.3
images/regolith_train_00666.jpg,0,-0.325009,0.136624,0.631323,560.21
images/regolith_train_00667.jpg,1,0.514484,-0.077116,-0.603601,559.06
images/regolith_train_00668.jpg,0,0.058232,0.169632,0.114753,648.46
images/regolith_train_00669.jpg,2,0.452714,0.016336,-0.750944,389.79
images/regolith_train_00670.jpg,3,-0.211682,-0.018668,-0.337358,216.31
images/regolith_train_00671.jpg,1,-0.285503,0.161574,0.031809,651.07
images/regolith_train_00672.jpg,2,-0.397447,0.209477,0.311029,312.03
images/regolith_train_00673.jpg,1,-0.210195,0.134007,0.169157,498.36
images/regolith_train_00674.jpg,0,0.107101,-0.189805,0.251488,581.34
images/regolith_train_00675.jpg,2,-0.264685,0.24368,-0.216458,483.14
images/regolith_train_00676.jpg,1,0.516068,0.39657,-0.500518,598.23
images/regolith_train_00677.jpg,2,0.172485,-0.351519,-0.620487,487.04
images/regolith_train_00678.jpg,1,0.12648,-0.340848,-0.237939,642.44
images/regolith_train_00679.jpg,1,-0.022165,0.113774,-0.191688,569.7
images/regolith_train_00680.jpg,1,0.26473,0.273983,-0.349821,545.1
images/regolith_train_00681.jpg,2,-0.21269,0.315537,-0.061955,317.87
images/regolith_train_00682.jpg,0,0.238917,0.067846,-0.140136,714.37
images/regolith_train_00683.jpg,0,0.268045,0.304474,0.166425,622.35
images/regolith_train_00684.jpg,2,0.37801,-0.244616,-0.818794,371.88
images/regolith_train_00685.jpg,2,-0.468122,0.38188,0.139014,446.46
images/regolith_train_00686.jpg,3,-0.226739,0.042003,-0.359194,236.74
images/regolith_train_00687.jpg,2,-0.015331,-0.045423,-0.292381,352.67
images/regolith_train_00688.jpg,3,0.050748,0.325866,-0.56412,191.48
images/regolith_train_00689.jpg,3,-0.106065,-0.074047,-0.498097,255.05
images/regolith_train_00690.jpg,2,0.147924,-0.257723,-0.466199,344.03
images/regolith_train_00691.jpg,1,0.275426,-0.115946,-0.444159,577.75
images/regolith_train_00692.jpg,1,0.124268,0.079333,-0.128253,516.58
images/regolith_train_00693.jpg,1,-0.401643,0.197165,0.326722,598.6
images/regolith_train_00694.jpg,1,-0.290308,-0.301952,0.245696,573.42
images/regolith_train_00695.jpg,0,-0.2343,-0.09286,0.259788,710.32
images/regolith_train_00696.jpg,2,0.370154,0.487339,-0.737984,373.63
images/regolith_train_00697.jpg,3,0.270134,-0.006518,-0.837528,329.2
images/regolith_train_00698.jpg,2,-0.102053,-0.228019,-0.250277,436.29
images/regolith_train_00699.jpg,0,0.2877,0.358922,-0.113152,653.0
images/regolith_train_00700.jpg,0,0.32407,0.376058,-0.115493,705.9
images/regolith_train_00701.jpg,1,0.328337,-0.262158,-0.401742,520.54
images/regolith_train_00702.jpg,1,0.197692,0.243571,-0.202506,526.23
images/regolith_train_00703.jpg,3,-0.002802,-0.13318,-0.412963,189.89
images/regolith_train_00704.jpg,3,-0.213607,0.064323,-0.244056,147.47
images/regolith_train_00705.jpg,1,0.585449,-0.094093,-0.539699,466.59
images/regolith_train_00706.jpg,0,0.328329,0.209166,-0.175413,703.99
images/regolith_train_00707.jpg,0,0.404461,0.05907,-0.314431,738.02
images/regolith_train_00708.jpg,2,-0.027383,-0.251201,-0.416554,494.28
images/regolith_train_00709.jpg,1,0.050726,0.415364,-0.046108,501.88
images/regolith_train_00710.jpg,3,0.187117,0.194823,-0.760964,225.1
images/regolith_train_00711.jpg,2,-0.386441,-0.346431,0.103556,335.26
images/regolith_train_00712.jpg,0,0.015718,0.533783,0.204618,685.36
images/regolith_train_00713.jpg,0,-0.146988,0.154102,0.3191,627.74
images/regolith_train_00714.jpg,2,-0.281698,-0.119181,0.134454,282.66
images/regolith_train_00715.jpg,3,0.075667,-0.015566,-0.575096,190.72
images/regolith_train_00716.jpg,3,-0.032869,0.076343,-0.460528,178.81
images/regolith_train_00717.jpg,0,-0.044882,-0.183972,0.209703,680.21
images/regolith_train_00718.jpg,1,0.182892,0.242494,-0.42156,581.95
images/regolith_train_00719.jpg,2,0.190183,0.054085,-0.473378,409.41
images/regolith_train_00720.jpg,0,0.426122,0.39269,-0.360846,800.0
images/regolith_train_00721.jpg,1,-0.14841,0.088747,0.203822,507.01
images/regolith_train_00722.jpg,0,-0.237135,0.074806,0.382454,671.29
images/regolith_train_00723.jpg,2,0.483799,-0.111025,-0.765322,430.79
images/regolith_train_00724.jpg,2,0.392409,0.262268,-0.655615,353.3
images/regolith_train_00725.jpg,1,-0.429465,0.011518,0.234844,596.16
images/regolith_train_00726.jpg,0,0.275056,0.239419,-0.032249,634.16
images/regolith_train_00727.jpg,3,-0.44278,-0.330383,-0.096827,292.08
images/regolith_train_00728.jpg,0,0.241404,0.083042,-0.017248,722.24
images/regolith_train_00729.jpg,2,-0.057759,-0.081756,-0.046613,330.07
images/regolith_train_00730.jpg,2,0.139212,0.117368,-0.323728,358.27
images/regolith_train_00731.jpg,1,-0.267478,-0.221546,0.458559,462.33
images/regolith_train_00732.jpg,3,0.229096,0.02372,-0.711036,287.87
images/regolith_train_00733.jpg,0,0.012468,-0.203584,0.255493,606.38
images/regolith_train_00734.jpg,1,-0.425929,-0.075837,0.376512,530.35
images/regolith_train_00735.jpg,0,0.343824,-0.089658,-0.095449,653.6
images/regolith_train_00736.jpg,0,0.488031,0.069846,-0.322628,708.57
images/regolith_train_00737.jpg,1,-0.019906,0.064519,0.099209,523.41
images/regolith_train_00738.jpg,2,0.200531,0.434359,-0.616032,480.09
images/regolith_train_00739.jpg,1,-0.454204,0.300035,0.384338,497.41
images/regolith_train_00740.jpg,1,-0.223945,0.424926,0.082641,584.52
images/regolith_train_00741.jpg,2,0.456523,-0.205027,-0.801709,420.13
images/regolith_train_00742.jpg,2,0.097289,0.221624,-0.231837,390.11
images/regolith_train_00743.jpg,2,-0.09667,0.527459,-0.132997,309.31
images/regolith_train_00744.jpg,0,0.299103,0.291027,-0.073648,676.27
images/regolith_train_00745.jpg,3,-0.44505,0.090928,-0.29036,291.03
images/regolith_train_00746.jpg,0,0.346824,0.034662,-0.048922,600.73
images/regolith_train_00747.jpg,0,0.142559,-0.26017,0.100765,656.58
images/regolith_train_00748.jpg,0,0.277069,0.284444,-0.217055,713.51
images/regolith_train_00749.jpg,3,0.312329,0.028856,-0.830605,250.57
images/regolith_train_00750.jpg,1,0.332849,0.263979,-0.284052,527.98
images/regolith_train_00751.jpg,0,0.055822,0.042524,0.199211,628.22
images/regolith_train_00752.jpg,1,-0.163406,0.020325,0.212522,531.25
images/regolith_train_00753.jpg,3,-0.074779,-0.19704,-0.468884,254.9
images/regolith_train_00754.jpg,2,0.005446,-0.027863,-0.235935,334.08
images/regolith_train_00755.jpg,0,0.188052,0.406348,-0.138858,706.11
images/regolith_train_00756.jpg,3,0.096054,-0.085745,-0.625522,221.91
images/regolith_train_00757.jpg,0,0.071605,-0.083573,0.025269,685.12
images/regolith_train_00758.jpg,2,0.286634,0.575572,-0.413438,269.2
images/regolith_train_00759.jpg,3,0.018141,0.024367,-0.342106,167.83
images/regolith_train_00760.jpg,0,0.351439,-0.094244,-0.190413,654.65
images/regolith_train_00761.jpg,2,0.136446,0.232622,-0.408572,323.58
images/regolith_train_00762.jpg,0,-0.033579,0.020417,0.377935,629.64
images/regolith_train_00763.jpg,0,0.014651,-0.185255,0.064011,649.49
images/regolith_train_00764.jpg,2,-0.106112,0.394981,-0.225559,364.87
images/regolith_train_00765.jpg,2,0.046072,0.039529,-0.404324,404.0
images/regolith_train_00766.jpg,3,0.064616,-0.237158,-0.647574,252.52
images/regolith_train_00767.jpg,1,-0.487286,0.142869,0.312388,569.13
images/regolith_train_00768.jpg,3,0.417545,0.241884,-0.939927,226.72
images/regolith_train_00769.jpg,2,0.27424,0.041982,-0.331267,261.59
images/regolith_train_00770.jpg,3,0.376096,-0.268796,-0.998375,260.65
images/regolith_train_00771.jpg,2,-0.08308,0.326032,-0.145894,403.18
images/regolith_train_00772.jpg,2,-0.072996,-0.063224,-0.333577,391.35
images/regolith_train_00773.jpg,3,0.232596,-0.136801,-0.852541,317.05
images/regolith_train_00774.jpg,0,0.006278,0.353177,0.194582,597.53
images/regolith_train_00775.jpg,1,-0.31622,-0.360618,0.209033,512.45
images/regolith_train_00776.jpg,1,0.388135,-0.304404,-0.519076,589.59
images/regolith_train_00777.jpg,0,0.337128,0.505171,-0.218761,673.47
images/regolith_train_00778.jpg,0,0.250878,-0.053548,-0.102584,701.82
images/regolith_train_00779.jpg,2,0.337709,0.38863,-0.547623,296.48
images/regolith_train_00780.jpg,0,0.147271,0.1438,0.086336,633.18
images/regolith_train_00781.jpg,0,-0.146791,0.012929,0.430672,599.74
images/regolith_train_00782.jpg,2,0.350376,0.189115,-0.648349,418.38
images/regolith_train_00783.jpg,1,-0.015756,0.075538,0.027927,521.46
images/regolith_train_00784.jpg,3,0.125233,-0.048151,-0.76883,243.07
images/regolith_train_00785.jpg,0,0.007521,0.237096,0.124904,691.65
images/regolith_train_00786.jpg,2,-0.291926,-0.405225,0.124847,287.22
images/regolith_train_00787.jpg,3,-0.114405,0.074375,-0.449537,191.96
images/regolith_train_00788.jpg,0,-0.086837,0.316253,0.040075,786.39
images/regolith_train_00789.jpg,3,0.328993,-0.025055,-0.904537,294.51
images/regolith_train_00790.jpg,1,0.232325,-0.105855,-0.28981,527.14
images/regolith_train_00791.jpg,1,0.45391,0.096186,-0.41435,519.69
images/regolith_train_00792.jpg,2,0.254726,-0.274956,-0.705588,501.2
images/regolith_train_00793.jpg,0,0.120054,-0.035786,-0.068035,689.29
images/regolith_train_00794.jpg,2,-0.347854,0.20229,0.133969,357.34
images/regolith_train_00795.jpg,3,-0.12495,0.376234,-0.634045,330.79
images/regolith_train_00796.jpg,0,-0.043558,0.009607,0.142591,734.99
images/regolith_train_00797.jpg,0,-0.324927,0.383149,0.510729,622.77
images/regolith_train_00798.jpg,0,-0.035669,0.272627,0.169343,687.4
images/regolith_train_00799.jpg,0,-0.32597,0.167054,0.213576,786.21
images/regolith_train_00800.jpg,3,-0.362095,0.072263,-0.19897,198.27
images/regolith_train_00801.jpg,1,0.075751,0.021345,-0.069063,454.11
images/regolith_train_00802.jpg,0,0.022799,-0.131367,0.254295,655.34
images/regolith_train_00803.jpg,3,-0.164387,-0.214422,-0.281096,199.18
images/regolith_train_00804.jpg,0,0.052817,0.367215,0.172237,663.73
images/regolith_train_00805.jpg,3,0.076205,0.125991,-0.586462,297.37
images/regolith_train_00806.jpg,0,0.376905,0.305875,0.02323,588.14
images/regolith_train_00807.jpg,0,-0.042637,0.288033,0.162752,694.25
images/regolith_train_00808.jpg,2,0.545997,0.302497,-0.683366,309.64
images/regolith_train_00809.jpg,2,-0.184289,-0.103565,0.047368,313.5
images/regolith_train_00810.jpg,3,-0.041066,0.070413,-0.315928,107.06
images/regolith_train_00811.jpg,1,-0.227282,0.114181,0.105369,593.16
images/regolith_train_00812.jpg,0,0.15992,0.113036,-0.096797,719.41
images/regolith_train_00813.jpg,0,0.394752,0.364452,-0.179147,674.74
images/regolith_train_00814.jpg,3,-0.299648,-0.055687,-0.226669,197.6
images/regolith_train_00815.jpg,0,-0.084294,0.353242,0.270965,697.69
images/regolith_train_00816.jpg,1,0.4398,0.001118,-0.485919,514.16
images/regolith_train_00817.jpg,2,0.296473,-0.004982,-0.535742,321.57
images/regolith_train_00818.jpg,2,-0.383654,0.063852,0.193169,291.48
images/regolith_train_00819.jpg,3,-0.050582,-0.031695,-0.328285,126.71
images/regolith_train_00820.jpg,2,-0.074698,-0.412821,-0.106659,326.19
images/regolith_train_00821.jpg,0,0.149315,-0.080781,0.154983,556.58
images/regolith_train_00822.jpg,3,-0.279685,-0.261787,-0.251556,263.17
images/regolith_train_00823.jpg,2,-0.168182,0.458257,-0.160767,377.74
images/regolith_train_00824.jpg,1,0.288721,0.369778,-0.403618,625.01
images/regolith_train_00825.jpg,0,-0.198874,0.080862,0.27941,739.11
images/regolith_train_00826.jpg,1,0.149035,-0.046838,-0.124588,526.88
images/regolith_train_00827.jpg,2,-0.170664,-0.141323,-0.100259,304.12
images/regolith_train_00828.jpg,2,0.485094,0.38519,-0.850423,324.99
images/regolith_train_00829.jpg,2,-0.109705,0.193208,0.011391,296.0
images/regolith_train_00830.jpg,3,-0.398643,-0.038622,-0.316874,289.04
images/regolith_train_00831.jpg,3,0.103422,0.26556,-0.603335,264.13
images/regolith_train_00832.jpg,0,0.26631,-0.05076,-0.10884,723.59
images/regolith_train_00833.jpg,2,0.324388,-0.013259,-0.500457,340.42
images/regolith_train_00834.jpg,3,-0.333199,-0.287808,-0.345463,310.32
images/regolith_train_00835.jpg,3,-0.14659,0.226306,-0.353111,168.8
images/regolith_train_00836.jpg,3,0.352262,0.177137,-0.813354,161.73
images/regolith_train_00837.jpg,0,0.421622,0.086048,-0.310533,719.78
images/regolith_train_00838.jpg,2,0.36004,-0.320562,-0.580848,280.33
images/regolith_train_00839.jpg,1,-0.360095,0.307068,0.514017,360.32
images/regolith_train_00840.jpg,0,0.113668,0.109695,0.031161,614.54
images/regolith_train_00841.jpg,0,-0.089302,-0.236753,0.240602,760.22
images/regolith_train_00842.jpg,3,-0.036992,-0.388909,-0.672891,251.26
images/regolith_train_00843.jpg,3,0.266173,-0.227482,-0.786411,208.44
images/regolith_train_00844.jpg,3,0.176438,-0.032765,-0.547313,195.13
images/regolith_train_00845.jpg,1,0.603763,-0.104717,-0.586609,539.9
images/regolith_train_00846.jpg,1,0.186032,-0.397087,-0.264016,579.2
images/regolith_train_00847.jpg,1,0.029627,-0.043001,-0.022471,570.41
images/regolith_train_00848.jpg,1,-0.10618,0.088151,0.210443,533.71
images/regolith_train_00849.jpg,1,0.018045,0.249349,-0.033638,487.79
images/regolith_train_00850.jpg,1,-0.209817,0.569448,0.194745,501.74
images/regolith_train_00851.jpg,2,0.250296,-0.388316,-0.554086,451.02
images/regolith_train_00852.jpg,3,-0.126808,0.301188,-0.381509,165.4
images/regolith_train_00853.jpg,3,0.192055,0.234665,-0.699914,231.01
images/regolith_train_00854.jpg,2,-0.19921,0.305461,-0.214465,374.28
images/regolith_train_00855.jpg,3,-0.000235,-0.019304,-0.454332,112.39
images/regolith_train_00856.jpg,2,-0.022058,-0.207814,-0.145298,308.61
images/regolith_train_00857.jpg,2,0.114868,0.377704,-0.433749,358.2
images/regolith_train_00858.jpg,3,0.02354,0.379597,-0.526962,244.0
images/regolith_train_00859.jpg,2,0.50243,0.195497,-0.487077,215.83
images/regolith_train_00860.jpg,3,0.056327,0.17145,-0.471412,137.08
images/regolith_train_00861.jpg,2,-0.268634,-0.002083,-0.194732,470.66
images/regolith_train_00862.jpg,2,0.417204,0.198273,-0.644437,328.41
images/regolith_train_00863.jpg,0,-0.083693,0.05612,0.389559,588.8
images/regolith_train_00864.jpg,2,0.294153,0.327865,-0.434159,301.05
images/regolith_train_00865.jpg,1,0.102062,0.177208,0.00185,443.15
images/regolith_train_00866.jpg,2,-0.291656,0.584978,-0.056075,389.29
images/regolith_train_00867.jpg,0,-0.280899,0.348875,0.406658,683.06
images/regolith_train_00868.jpg,2,-0.007795,0.244066,-0.298253,353.96
images/regolith_train_00869.jpg,1,-0.333905,0.406138,0.429658,469.35
images/regolith_train_00870.jpg,1,0.559021,-0.280153,-0.552264,503.26
images/regolith_train_00871.jpg,1,0.534325,-0.041874,-0.53811,561.92
images/regolith_train_00872.jpg,3,-0.139443,-0.099165,-0.575042,229.27
images/regolith_train_00873.jpg,0,0.16197,0.095235,0.084882,641.72
images/regolith_train_00874.jpg,3,-0.320394,0.223774,-0.164832,247.07
images/regolith_train_00875.jpg,3,0.321095,-0.170716,-0.709157,173.37
images/regolith_train_00876.jpg,2,-0.422188,-0.056166,0.147727,346.77
images/regolith_train_00877.jpg,0,-0.320059,-0.280632,0.351251,795.92
images/regolith_train_00878.jpg,1,0.507399,0.146981,-0.49553,498.27
images/regolith_train_00879.jpg,0,-0.194548,0.052206,0.350584,714.1
images/regolith_train_00880.jpg,3,-0.329265,0.375568,-0.196518,181.59
images/regolith_train_00881.jpg,3,0.295038,0.362011,-0.92518,273.14
images/regolith_train_00882.jpg,3,-0.42745,-0.249765,-0.181959,220.97
images/regolith_train_00883.jpg,0,-0.229268,0.374345,0.497121,642.67
images/regolith_train_00884.jpg,3,-0.078142,0.056425,-0.468423,289.54
images/regolith_train_00885.jpg,3,0.166024,0.17783,-0.63712,249.78
images/regolith_train_00886.jpg,2,0.547102,0.469025,-0.780466,350.01
images/regolith_train_00887.jpg,0,0.416935,-0.05835,-0.277536,719.08
images/regolith_train_00888.jpg,3,0.030854,-0.149464,-0.554407,248.93
images/regolith_train_00889.jpg,3,0.23973,-0.285451,-0.848598,262.34
images/regolith_train_00890.jpg,0,0.221544,0.475525,0.005519,626.9
images/regolith_train_00891.jpg,3,-0.389527,-0.198207,0.073602,124.2
images/regolith_train_00892.jpg,1,-0.015058,0.331618,-0.227304,637.89
images/regolith_train_00893.jpg,2,0.22295,-0.091012,-0.52395,412.11
images/regolith_train_00894.jpg,3,0.071036,-0.115433,-0.689033,262.95
images/regolith_train_00895.jpg,1,-0.075575,0.283142,0.022226,513.31
images/regolith_train_00896.jpg,3,-0.262541,-0.285915,-0.218399,153.5
images/regolith_train_00897.jpg,1,0.032827,-0.238128,-0.115259,585.5
images/regolith_train_00898.jpg,2,0.044551,0.376076,-0.108126,194.06
images/regolith_train_00899.jpg,2,-0.389773,0.178163,-0.058196,458.26
images/regolith_train_00900.jpg,2,0.385668,-0.268494,-0.776854,429.18
images/regolith_train_00901.jpg,3,-0.25656,-0.046445,-0.293391,192.71
images/regolith_train_00902.jpg,1,-0.038087,-0.385031,0.024009,518.4
images/regolith_train_00903.jpg,0,-0.301696,0.315448,0.463095,662.75
images/regolith_train_00904.jpg,3,0.13529,0.203684,-0.597588,239.44
images/regolith_train_00905.jpg,1,0.514295,0.191722,-0.609236,576.52
images/regolith_train_00906.jpg,0,0.400631,0.107168,-0.237024,660.36
images/regolith_train_00907.jpg,2,0.323602,0.074084,-0.604157,314.01
images/regolith_train_00908.jpg,1,0.281108,-0.437085,-0.545404,697.66
images/regolith_train_00909.jpg,1,-0.032333,0.402881,-0.093546,584.07
images/regolith_train_00910.jpg,0,0.13699,0.353188,-0.05621,730.37
images/regolith_train_00911.jpg,1,-0.242358,-0.235878,0.244597,508.68
images/regolith_train_00912.jpg,0,-0.084559,0.219219,0.403623,659.8
images/regolith_train_00913.jpg,3,0.166057,-0.188225,-0.713623,229.38
images/regolith_train_00914.jpg,3,-0.004278,-0.096395,-0.463953,262.46
images/regolith_train_00915.jpg,3,-0.26468,0.07337,-0.592907,349.0
images/regolith_train_00916.jpg,2,0.250865,0.222927,-0.509447,374.22
images/regolith_train_00917.jpg,3,-0.104369,-0.112964,-0.215163,140.77
images/regolith_train_00918.jpg,1,-0.057253,0.107039,-0.114932,651.77
images/regolith_train_00919.jpg,3,-0.111722,0.197021,-0.353823,227.01
images/regolith_train_00920.jpg,1,0.268891,0.046009,-0.178912,443.61
images/regolith_train_00921.jpg,1,-0.060619,0.230206,0.162021,542.75
images/regolith_train_00922.jpg,1,0.503741,-0.24657,-0.50329,560.87
images/regolith_train_00923.jpg,0,-0.132551,0.367031,0.354083,631.42
images/regolith_train_00924.jpg,1,-0.44291,-0.430756,0.350495,514.59
images/regolith_train_00925.jpg,1,0.186876,0.096574,-0.352333,629.39
images/regolith_train_00926.jpg,2,-7.6e-05,0.516376,-0.182908,341.7
images/regolith_train_00927.jpg,0,0.374207,0.305897,-0.217282,596.65
images/regolith_train_00928.jpg,0,0.398136,-0.087853,-0.014087,604.88
images/regolith_train_00929.jpg,2,-0.307435,0.38066,0.002466,368.51
images/regolith_train_00930.jpg,0,0.313703,0.389785,-0.075609,598.42
images/regolith_train_00931.jpg,3,0.135886,0.103178,-0.861229,294.84
images/regolith_train_00932.jpg,3,0.04368,0.008572,-0.487046,233.16
images/regolith_train_00933.jpg,3,0.354647,-0.01459,-0.750954,197.89
images/regolith_train_00934.jpg,3,0.297604,-0.210635,-0.745697,260.43
images/regolith_train_00935.jpg,2,0.642673,0.390925,-0.998683,419.11
images/regolith_train_00936.jpg,2,0.290674,-0.371393,-0.615253,394.97
images/regolith_train_00937.jpg,0,-0.103616,-0.113125,0.290632,674.73
images/regolith_train_00938.jpg,2,-0.323969,0.330613,0.113971,325.71
images/regolith_train_00939.jpg,1,0.215268,-0.353326,-0.318676,517.87
images/regolith_train_00940.jpg,3,-0.124181,0.002057,-0.423031,310.46
images/regolith_train_00941.jpg,3,-0.344008,-0.099314,-0.235646,216.83
images/regolith_train_00942.jpg,0,0.248463,-0.00316,0.044274,667.75
images/regolith_train_00943.jpg,3,-0.155163,0.002028,-0.245961,227.89
images/regolith_train_00944.jpg,3,0.236718,0.102804,-0.798601,258.91
images/regolith_train_00945.jpg,3,0.074071,0.153002,-0.594543,300.74
images/regolith_train_00946.jpg,0,0.151852,-0.027589,-0.05423,709.46
images/regolith_train_00947.jpg,2,-0.38312,0.440162,0.082701,396.36
images/regolith_train_00948.jpg,3,0.076723,-0.281484,-0.619337,196.59
images/regolith_train_00949.jpg,2,0.499325,0.123436,-0.816496,343.93
images/regolith_train_00950.jpg,2,0.054167,0.081124,-0.252978,283.78
images/regolith_train_00951.jpg,1,-0.00944,-0.264515,-0.102493,606.96
images/regolith_train_00952.jpg,1,0.501519,-0.240883,-0.532683,560.75
images/regolith_train_00953.jpg,1,0.156477,-0.263037,-0.047961,528.38
images/regolith_train_00954.jpg,3,-0.237717,0.111711,-0.123666,159.86
images/regolith_train_00955.jpg,1,-0.418481,-0.230893,0.44205,442.07
images/regolith_train_00956.jpg,2,0.535083,-0.089988,-0.885132,454.74
images/regolith_train_00957.jpg,1,0.404784,-0.281582,-0.340888,495.91
images/regolith_train_00958.jpg,0,-0.037246,0.320035,0.320386,657.1
images/regolith_train_00959.jpg,3,-0.301563,0.059447,-0.269895,249.82
images/regolith_train_00960.jpg,0,0.324674,0.187734,-0.208401,709.47
images/regolith_train_00961.jpg,2,0.275288,0.209093,-0.555668,370.52
images/regolith_train_00962.jpg,1,0.490895,0.506022,-0.416114,514.59
images/regolith_train_00963.jpg,3,0.185528,-0.447876,-0.839826,280.36
images/regolith_train_00964.jpg,3,0.02682,0.063455,-0.629768,256.28
images/regolith_train_00965.jpg,2,-0.082608,0.355626,-0.286553,361.56
images/regolith_train_00966.jpg,2,0.365745,-0.373112,-0.611512,417.52
images/regolith_train_00967.jpg,3,-0.254984,0.508265,-0.212707,200.79
images/regolith_train_00968.jpg,3,0.229653,-0.291797,-0.766456,235.44
images/regolith_train_00969.jpg,0,-0.133826,0.11142,0.430625,620.26
images/regolith_train_00970.jpg,0,0.345339,0.271935,0.054106,543.87
images/regolith_train_00971.jpg,1,-0.380229,-0.100715,0.184899,577.41
images/regolith_train_00972.jpg,1,0.344537,0.334306,-0.532628,643.83
images/regolith_train_00973.jpg,3,-0.025487,0.468819,-0.505169,234.15
images/regolith_train_00974.jpg,0,-0.29411,-0.065361,0.475862,652.84
images/regolith_train_00975.jpg,3,0.057746,-0.160243,-0.467796,192.0
images/regolith_train_00976.jpg,2,0.251425,-0.266823,-0.290341,276.96
images/regolith_train_00977.jpg,1,0.205558,-0.424871,-0.337774,576.14
images/regolith_train_00978.jpg,2,-0.318318,0.104252,-0.02484,409.45
images/regolith_train_00979.jpg,2,0.368557,-0.368106,-0.617107,346.04
images/regolith_train_00980.jpg,1,0.365282,-0.00039,-0.380835,510.84
images/regolith_train_00981.jpg,3,0.128907,0.423682,-0.764223,307.23
images/regolith_train_00982.jpg,0,0.447429,0.233811,-0.251892,721.98
images/regolith_train_00983.jpg,1,-0.23875,0.52451,0.328324,456.45
images/regolith_train_00984.jpg,1,-0.072248,0.239558,-0.053005,571.98
images/regolith_train_00985.jpg,3,-0.108779,-0.05185,-0.406989,214.88
images/regolith_train_00986.jpg,1,0.32352,0.028451,-0.380601,560.07
images/regolith_train_00987.jpg,3,-0.035138,0.17428,-0.495834,144.9
images/regolith_train_00988.jpg,0,0.419949,0.266921,-0.189724,661.33
images/regolith_train_00989.jpg,1,-0.076234,0.314463,-0.32336,718.48
images/regolith_train_00990.jpg,0,-0.181635,0.26052,0.31633,731.4
images/regolith_train_00991.jpg,0,0.177427,0.146379,0.177392,657.61
images/regolith_train_00992.jpg,0,-0.113846,-0.096358,0.351381,594.91
images/regolith_train_00993.jpg,0,0.186478,-0.235736,0.024634,689.36
images/regolith_train_00994.jpg,3,-0.101174,0.035279,-0.305861,159.84
images/regolith_train_00995.jpg,1,-0.369958,-0.041973,0.250467,607.87
images/regolith_train_00996.jpg,0,0.307778,0.138044,0.02445,545.11
images/regolith_train_00997.jpg,3,-0.13195,0.313335,-0.338303,245.94
images/regolith_train_00998.jpg,3,-0.312395,-0.126746,-0.116435,198.44
images/regolith_train_00999.jpg,2,-0.332315,0.343324,-0.040784,386.77
images/regolith_train_01000.jpg,1,-0.399056,0.112127,0.30708,610.33
images/regolith_train_01001.jpg,2,-0.284996,0.024649,-0.104184,405.29
images/regolith_train_01002.jpg,1,0.119232,0.152401,0.047751,467.37
images/regolith_train_01003.jpg,0,-0.35491,-0.007718,0.322113,744.36
images/regolith_train_01004.jpg,1,-0.075364,-0.43672,-0.006407,528.96
images/regolith_train_01005.jpg,3,0.141286,0.119264,-0.693545,270.13
images/regolith_train_01006.jpg,0,0.335538,0.111041,-0.169202,766.19
images/regolith_train_01007.jpg,3,0.079283,-0.24484,-0.718295,213.78
images/regolith_train_01008.jpg,0,0.090893,0.091184,0.307474,587.71
images/regolith_train_01009.jpg,1,-0.32196,0.033475,0.049305,601.05
images/regolith_train_01010.jpg,2,0.347715,-0.425891,-0.597138,351.95
images/regolith_train_01011.jpg,1,0.29324,0.273596,-0.257686,488.45
images/regolith_train_01012.jpg,2,-0.183318,0.476519,-0.140261,350.14
images/regolith_train_01013.jpg,1,-0.106233,0.105249,0.095155,537.81
images/regolith_train_01014.jpg,2,0.347132,0.289905,-0.378645,360.44
images/regolith_train_01015.jpg,2,-0.286976,0.257616,0.113223,284.92
images/regolith_train_01016.jpg,2,-0.156291,0.368052,-0.367928,383.33
images/regolith_train_01017.jpg,3,0.051663,-0.026738,-0.586449,158.83
images/regolith_train_01018.jpg,0,0.363805,-0.258059,-0.017654,583.02
images/regolith_train_01019.jpg,2,-0.333967,0.295171,0.114348,346.07
images/regolith_train_01020.jpg,3,0.022379,-0.062985,-0.580277,253.45
images/regolith_train_01021.jpg,0,-0.045063,0.272623,0.334161,651.19
images/regolith_train_01022.jpg,3,0.162844,-0.062662,-0.576659,305.91
images/regolith_train_01023.jpg,2,0.286746,0.309927,-0.51606,335.85
images/regolith_train_01024.jpg,2,-0.116917,-0.273563,-0.027355,342.18
images/regolith_train_01025.jpg,2,0.281742,0.44934,-0.69355,422.84
images/regolith_train_01026.jpg,3,0.058771,0.178967,-0.588377,229.25
images/regolith_train_01027.jpg,2,-0.522998,0.331559,0.165058,398.9
images/regolith_train_01028.jpg,2,-0.091968,-0.291846,-0.194915,432.71
images/regolith_train_01029.jpg,1,0.055052,0.304378,0.038404,495.45
images/regolith_train_01030.jpg,1,-0.393642,0.027611,0.47723,525.95
images/regolith_train_01031.jpg,3,0.247045,0.236387,-0.827501,280.99
images/regolith_train_01032.jpg,2,0.343766,-0.064461,-0.586306,436.97
images/regolith_train_01033.jpg,2,0.187114,0.073788,-0.569184,516.03
images/regolith_train_01034.jpg,2,-0.001487,0.37477,-0.159358,287.73
images/regolith_train_01035.jpg,1,-0.431649,0.292973,0.288672,641.2
images/regolith_train_01036.jpg,1,0.005217,-0.367919,0.022048,520.54
images/regolith_train_01037.jpg,1,0.563235,0.400869,-0.472211,484.53
images/regolith_train_01038.jpg,2,-0.226087,0.472482,0.064655,287.94
images/regolith_train_01039.jpg,3,-0.192788,0.104386,-0.503,274.15
images/regolith_train_01040.jpg,2,-0.360492,-0.191977,-0.102607,449.52
images/regolith_train_01041.jpg,3,-0.317097,-0.26364,-0.42904,326.97
images/regolith_train_01042.jpg,1,0.183756,0.37323,-0.239535,590.36
images/regolith_train_01043.jpg,2,-0.11065,0.216177,-0.186365,386.79
images/regolith_train_01044.jpg,3,0.436655,0.138533,-0.795458,138.89
images/regolith_train_01045.jpg,0,-0.237344,0.241872,0.444434,661.91
images/regolith_train_01046.jpg,3,0.030714,-0.026205,-0.568336,289.02
images/regolith_train_01047.jpg,2,-0.397561,-0.389891,0.178196,356.22
images/regolith_train_01048.jpg,1,-0.145855,0.237527,0.04313,548.94
images/regolith_train_01049.jpg,0,0.153026,-0.000648,0.129305,668.66
images/regolith_train_01050.jpg,0,0.055953,0.172222,0.180624,649.71
images/regolith_train_01051.jpg,3,-0.343839,-0.155267,-0.167442,225.42
images/regolith_train_01052.jpg,3,0.164392,0.371753,-0.702257,243.56
images/regolith_train_01053.jpg,3,-0.093351,-0.013518,-0.404025,202.1
images/regolith_train_01054.jpg,1,0.171303,0.032973,-0.294067,569.89
images/regolith_train_01055.jpg,0,-0.055667,0.311595,0.322184,612.07
images/regolith_train_01056.jpg,3,-0.09415,0.05523,-0.445964,245.52
images/regolith_train_01057.jpg,3,0.353902,-0.059592,-0.766197,212.6
images/regolith_train_01058.jpg,2,-0.441968,-0.216852,0.241821,323.7
images/regolith_train_01059.jpg,0,0.141113,-0.204605,0.000523,645.87
images/regolith_train_01060.jpg,3,-0.298392,-0.254296,-0.120248,188.06
images/regolith_train_01061.jpg,0,-0.190956,0.217367,0.389393,628.5
images/regolith_train_01062.jpg,0,-0.077398,0.465769,0.406959,546.54
images/regolith_train_01063.jpg,2,-0.117398,-0.278539,-0.141191,301.94
images/regolith_train_01064.jpg,1,0.456819,0.31855,-0.529119,564.58
images/regolith_train_01065.jpg,2,-0.311448,-0.348836,-0.157924,430.33
images/regolith_train_01066.jpg,3,0.080084,-0.161856,-0.712654,298.43
images/regolith_train_01067.jpg,2,-0.298151,-0.267051,0.104573,323.18
images/regolith_train_01068.jpg,0,-0.130768,-0.153461,0.430666,649.35
images/regolith_train_01069.jpg,3,0.252222,-0.278272,-0.535083,44.54
images/regolith_train_01070.jpg,0,0.061021,0.271434,0.094569,646.8
images/regolith_train_01071.jpg,2,-0.433686,-0.130853,0.107582,336.33
images/regolith_train_01072.jpg,0,0.46864,0.284033,-0.111471,601.17
images/regolith_train_01073.jpg,3,-0.296034,-0.244849,-0.225213,273.31
images/regolith_train_01074.jpg,1,-0.187737,-0.357367,-0.106921,606.61
images/regolith_train_01075.jpg,0,0.254927,0.125557,-0.034043,676.45
images/regolith_train_01076.jpg,3,0.134316,0.244879,-0.734703,369.24
images/regolith_train_01077.jpg,0,0.447367,-0.093599,-0.120052,690.69
images/regolith_train_01078.jpg,2,0.003761,0.41724,-0.370648,401.48
images/regolith_train_01079.jpg,3,0.144126,-0.01555,-0.648059,227.49
images/regolith_train_01080.jpg,3,0.141362,0.16616,-0.761747,262.43
images/regolith_train_01081.jpg,3,-0.236715,-0.141026,-0.417227,252.54
images/regolith_train_01082.jpg,1,0.203407,0.590451,-0.146181,512.77
images/regolith_train_01083.jpg,0,-0.160808,0.048016,0.254819,673.32
images/regolith_train_01084.jpg,1,0.395249,-0.052852,-0.600124,625.55
images/regolith_train_01085.jpg,1,-0.178984,-0.176996,0.098208,552.23
images/regolith_train_01086.jpg,1,0.269679,0.012913,-0.194292,523.34
images/regolith_train_01087.jpg,0,0.189134,-0.25113,-0.077102,720.34
images/regolith_train_01088.jpg,1,-0.296576,0.117104,0.239081,530.9
images/regolith_train_01089.jpg,0,-0.196015,-0.175324,0.452469,686.74
images/regolith_train_01090.jpg,0,0.179539,-0.031926,0.173678,618.33
images/regolith_train_01091.jpg,1,0.041974,0.193156,0.03361,458.17
images/regolith_train_01092.jpg,2,0.140348,0.425064,-0.456695,448.48
images/regolith_train_01093.jpg,0,-0.234533,0.251425,0.251164,700.05
images/regolith_train_01094.jpg,3,0.006815,-0.000761,-0.711447,332.26
images/regolith_train_01095.jpg,2,-0.406411,-0.002186,0.147279,389.68
images/regolith_train_01096.jpg,2,0.446738,-0.32761,-0.690529,298.44
images/regolith_train_01097.jpg,0,0.352092,0.169586,0.054319,666.97
images/regolith_train_01098.jpg,1,0.496205,0.361404,-0.485661,492.8
images/regolith_train_01099.jpg,2,0.169723,0.164797,-0.282829,218.77
images/regolith_train_01100.jpg,1,-0.00626,0.185606,-0.001892,450.45
images/regolith_train_01101.jpg,1,0.132016,0.155084,-0.122047,510.36
images/regolith_train_01102.jpg,0,-0.169067,0.269128,0.16867,800.0
images/regolith_train_01103.jpg,0,-0.017568,0.0859,0.136785,732.42
images/regolith_train_01104.jpg,0,-0.205523,-0.048666,0.442285,628.18
images/regolith_train_01105.jpg,1,0.526131,-0.100403,-0.481473,469.82
images/regolith_train_01106.jpg,2,-0.046463,0.211535,-0.258784,367.28
images/regolith_train_01107.jpg,0,0.405925,0.140867,-0.088897,633.91
images/regolith_train_01108.jpg,0,0.262253,0.11813,0.003754,659.36
images/regolith_train_01109.jpg,0,0.151132,0.295569,0.055206,724.49
images/regolith_train_01110.jpg,2,0.1273,-0.198177,-0.319159,386.01
images/regolith_train_01111.jpg,0,-0.187435,-0.022725,0.28713,721.87
images/regolith_train_01112.jpg,3,0.35335,0.017586,-0.740716,224.52
images/regolith_train_01113.jpg,2,0.023201,0.401562,-0.311271,349.59
images/regolith_train_01114.jpg,2,0.181581,0.260311,-0.462946,325.37
images/regolith_train_01115.jpg,0,-0.131578,0.299948,0.205183,720.07
images/regolith_train_01116.jpg,2,0.18806,0.099892,-0.541915,417.65
images/regolith_train_01117.jpg,2,0.453695,-0.003434,-0.612411,338.19
images/regolith_train_01118.jpg,0,0.263352,-0.148513,0.001038,649.55
images/regolith_train_01119.jpg,1,0.547962,0.28781,-0.448722,478.89
images/regolith_train_01120.jpg,3,-0.010114,0.143099,-0.401648,128.08
images/regolith_train_01121.jpg,2,0.102206,-0.165357,-0.559756,480.12
images/regolith_train_01122.jpg,3,0.310279,0.201722,-0.62793,216.78
images/regolith_train_01123.jpg,3,0.074552,0.350753,-0.442884,214.53
images/regolith_train_01124.jpg,2,0.410608,0.067821,-0.74934,346.65
images/regolith_train_01125.jpg,1,0.032582,-0.233042,-0.053406,550.43
images/regolith_train_01126.jpg,2,-0.050339,0.155629,-0.17038,288.38
images/regolith_train_01127.jpg,3,-0.177252,-0.195713,-0.230302,177.55
images/regolith_train_01128.jpg,0,-0.238519,0.325675,0.346965,779.72
images/regolith_train_01129.jpg,1,0.051277,-0.107143,-0.217138,600.41
images/regolith_train_01130.jpg,2,0.250081,0.076222,-0.361923,296.14
images/regolith_train_01131.jpg,3,0.104145,-0.139237,-0.715665,296.69
images/regolith_train_01132.jpg,0,-0.304009,-0.12767,0.626284,613.86
images/regolith_train_01133.jpg,1,0.473831,0.1905,-0.441815,470.65
images/regolith_train_01134.jpg,0,-0.232817,-0.071995,0.409054,630.27
images/regolith_train_01135.jpg,1,-0.355246,-0.17646,0.426179,517.38
images/regolith_train_01136.jpg,2,-0.434586,-0.336347,0.231977,275.77
images/regolith_train_01137.jpg,0,-0.030348,-0.077303,0.353316,608.09
images/regolith_train_01138.jpg,3,0.038828,-0.107845,-0.469271,176.09
images/regolith_train_01139.jpg,2,-0.33575,0.115477,-0.147916,458.94
images/regolith_train_01140.jpg,1,-0.461596,0.332168,0.611523,487.62
images/regolith_train_01141.jpg,0,0.232151,0.361301,-0.018845,628.67
images/regolith_train_01142.jpg,1,-0.383495,0.423172,0.428854,505.83
images/regolith_train_01143.jpg,3,-0.149201,0.067267,-0.48121,256.29
images/regolith_train_01144.jpg,1,0.285097,0.045967,-0.204526,509.33
images/regolith_train_01145.jpg,0,-0.285365,0.244718,0.59763,622.41
images/regolith_train_01146.jpg,3,-0.315433,0.298303,-0.390319,300.42
images/regolith_train_01147.jpg,3,0.35614,0.083725,-0.79532,189.19
images/regolith_train_01148.jpg,2,0.520037,-0.123497,-0.827554,373.24
images/regolith_train_01149.jpg,3,-0.086397,-0.091981,-0.562415,257.65
images/regolith_train_01150.jpg,2,-0.185228,0.157983,-0.060279,377.06
images/regolith_train_01151.jpg,3,0.125281,0.015011,-0.648523,262.97
images/regolith_train_01152.jpg,1,0.365078,-0.358693,-0.464949,558.31
images/regolith_train_01153.jpg,0,-0.009992,0.016042,0.07436,800.0
images/regolith_train_01154.jpg,3,-0.437067,-0.016191,0.033356,188.32
images/regolith_train_01155.jpg,3,0.139505,0.354711,-0.803538,287.11
images/regolith_train_01156.jpg,2,0.097338,0.078026,-0.426322,414.47
images/regolith_train_01157.jpg,2,-0.408886,0.220738,0.166507,389.56
images/regolith_train_01158.jpg,0,0.342036,0.319958,-0.082378,667.58
images/regolith_train_01159.jpg,1,-0.116349,0.178455,0.217068,450.98
images/regolith_train_01160.jpg,3,0.165025,0.299657,-0.623543,215.69
images/regolith_train_01161.jpg,0,-0.318416,0.368417,0.339636,775.03
images/regolith_train_01162.jpg,3,0.31714,0.058326,-0.752945,220.4
images/regolith_train_01163.jpg,0,-0.071089,-0.134808,0.211716,616.98
images/regolith_train_01164.jpg,3,-0.171367,0.178597,-0.346372,201.58
images/regolith_train_01165.jpg,3,0.017919,0.249385,-0.700366,284.91
images/regolith_train_01166.jpg,3,-0.097095,0.230107,-0.403371,217.19
images/regolith_train_01167.jpg,3,-0.216708,0.230049,-0.198686,227.01
images/regolith_train_01168.jpg,3,0.049286,0.041741,-0.782463,280.4
images/regolith_train_01169.jpg,1,0.179624,0.130094,-0.047524,432.38
images/regolith_train_01170.jpg,3,0.140989,-0.116088,-0.539164,139.99
images/regolith_train_01171.jpg,3,0.34156,0.102675,-0.944591,265.41
images/regolith_train_01172.jpg,3,-0.082064,0.021275,-0.43737,210.66
images/regolith_train_01173.jpg,2,0.104406,0.419062,-0.433822,368.27
images/regolith_train_01174.jpg,1,-0.453155,-0.294176,0.457537,511.77
images/regolith_train_01175.jpg,0,0.320853,0.295584,-0.06136,676.43
images/regolith_train_01176.jpg,0,-0.097333,-0.242992,0.284581,655.32
images/regolith_train_01177.jpg,2,-0.075632,0.481733,-0.097093,371.72
images/regolith_train_01178.jpg,3,-0.276033,0.212299,-0.110704,204.26
images/regolith_train_01179.jpg,0,0.11476,-0.071091,0.169655,622.9
images/regolith_train_01180.jpg,3,-0.275757,0.321386,-0.171087,220.65
images/regolith_train_01181.jpg,3,0.164748,0.091213,-0.53876,189.67
images/regolith_train_01182.jpg,0,0.045112,0.135328,0.253539,658.7
images/regolith_train_01183.jpg,1,0.118375,-0.216625,-0.289647,569.37
images/regolith_train_01184.jpg,1,-0.474121,-0.26763,0.375577,546.25
images/regolith_train_01185.jpg,1,-0.399352,0.016002,0.209351,629.8
images/regolith_train_01186.jpg,3,-0.084149,-0.232242,-0.380554,231.26
images/regolith_train_01187.jpg,1,0.331183,0.250244,-0.198296,452.51
images/regolith_train_01188.jpg,3,-0.267346,0.217894,-0.315562,204.87
images/regolith_train_01189.jpg,2,0.485731,0.328622,-0.524662,294.2
images/regolith_train_01190.jpg,3,-0.20593,0.002027,-0.275263,220.43
images/regolith_train_01191.jpg,1,0.377982,0.424461,-0.395616,568.07
images/regolith_train_01192.jpg,0,-0.058805,0.30068,0.140104,697.02
images/regolith_train_01193.jpg,2,0.142655,-0.374983,-0.521676,456.77
images/regolith_train_01194.jpg,2,0.335542,0.353612,-0.554097,313.3
images/regolith_train_01195.jpg,0,0.33499,-0.194901,-0.264191,759.15
images/regolith_train_01196.jpg,3,0.080997,-0.032871,-0.633251,222.85
images/regolith_train_01197.jpg,0,-0.242833,0.275246,0.367052,721.93
images/regolith_train_01198.jpg,0,-0.25603,0.141056,0.53832,617.7
images/regolith_train_01199.jpg,1,0.110232,0.178369,-0.085306,466.11
images/regolith_train_01200.jpg,1,-0.277763,0.219836,0.260585,485.82
images/regolith_train_01201.jpg,0,-0.097501,-0.268396,0.394417,573.9
images/regolith_train_01202.jpg,2,0.388516,0.449706,-0.503157,315.5
images/regolith_train_01203.jpg,0,-0.107278,-0.165683,0.351032,576.0
images/regolith_train_01204.jpg,0,0.42325,-0.252387,-0.29259,714.98
images/regolith_train_01205.jpg,2,-0.290577,0.433616,-0.043006,445.37
images/regolith_train_01206.jpg,1,0.180184,-0.02228,-0.209628,598.43
images/regolith_train_01207.jpg,0,-0.084763,-0.232342,0.249538,640.62
images/regolith_train_01208.jpg,0,0.405062,0.119152,-0.215456,703.52
images/regolith_train_01209.jpg,2,0.280222,-0.108406,-0.555939,383.44
images/regolith_train_01210.jpg,1,-0.490775,-0.057336,0.354543,626.48
images/regolith_train_01211.jpg,2,-0.17738,0.230242,-0.145959,321.6
images/regolith_train_01212.jpg,1,0.35288,0.114653,-0.29806,560.0
images/regolith_train_01213.jpg,0,0.204445,0.308257,-0.008995,662.08
images/regolith_train_01214.jpg,2,0.40424,-0.224682,-0.815626,439.6
images/regolith_train_01215.jpg,2,0.500068,-0.103474,-0.827594,394.48
images/regolith_train_01216.jpg,1,0.254255,-0.459404,-0.227655,465.12
images/regolith_train_01217.jpg,2,-0.274551,-0.05188,0.157307,299.64
images/regolith_train_01218.jpg,2,-0.063847,0.105717,0.000571,286.85
images/regolith_train_01219.jpg,2,0.040149,-0.286692,-0.457811,377.83
images/regolith_train_01220.jpg,0,-0.002613,0.245161,0.236703,586.18
images/regolith_train_01221.jpg,0,0.198022,0.370993,-0.002122,716.68
images/regolith_train_01222.jpg,2,-0.008224,0.274153,-0.163866,326.72
images/regolith_train_01223.jpg,1,0.417442,-0.240527,-0.457495,507.58
images/regolith_train_01224.jpg,2,-0.471753,-0.168306,0.287858,305.91
images/regolith_train_01225.jpg,1,0.081649,-0.118389,-0.143181,456.52
images/regolith_train_01226.jpg,0,-0.345042,0.286463,0.400791,676.81
images/regolith_train_01227.jpg,0,-0.21229,-0.178782,0.636338,479.32
images/regolith_train_01228.jpg,3,0.210276,-0.096417,-0.553315,197.07
images/regolith_train_01229.jpg,1,-0.109267,0.421773,0.17766,542.09
images/regolith_train_01230.jpg,1,-0.342462,0.519182,0.224492,482.53
images/regolith_train_01231.jpg,1,-0.513367,0.534933,0.440141,603.17
images/regolith_train_01232.jpg,0,0.201335,-0.167221,-0.044972,669.0
images/regolith_train_01233.jpg,3,-0.192612,-0.312212,-0.243665,166.77
images/regolith_train_01234.jpg,3,-0.18968,-0.136676,-0.344571,219.3
images/regolith_train_01235.jpg,0,0.398376,0.025498,-0.117456,648.65
images/regolith_train_01236.jpg,0,-0.126203,0.046813,0.320603,653.32
images/regolith_train_01237.jpg,2,0.425648,-0.388098,-0.630674,339.94
images/regolith_train_01238.jpg,3,0.040791,-0.207779,-0.570697,198.66
images/regolith_train_01239.jpg,2,0.075027,0.348432,-0.439242,381.2
images/regolith_train_01240.jpg,2,0.151748,0.507495,-0.579369,442.32
images/regolith_train_01241.jpg,2,-0.266306,0.463095,-0.011185,351.87
images/regolith_train_01242.jpg,1,-0.118798,0.451501,-0.106306,612.07
images/regolith_train_01243.jpg,1,-0.264158,-0.186221,0.100547,563.02
images/regolith_train_01244.jpg,0,0.193649,-0.236181,-0.021947,626.91
images/regolith_train_01245.jpg,2,0.458487,-0.033541,-0.641333,355.44
images/regolith_train_01246.jpg,0,0.139522,-0.149244,0.129706,648.31
images/regolith_train_01247.jpg,0,0.091592,0.1018,0.009372,701.33
images/regolith_train_01248.jpg,2,-0.366101,0.365963,-0.051047,393.43
images/regolith_train_01249.jpg,0,0.398494,0.098136,-0.288707,700.34
images/regolith_train_01250.jpg,0,-0.111235,-0.03929,0.424302,584.29
images/regolith_train_01251.jpg,3,0.349458,-0.083471,-0.751096,164.29
images/regolith_train_01252.jpg,1,-0.265491,0.26161,0.079643,621.53
images/regolith_train_01253.jpg,3,-0.168256,0.338432,-0.332341,260.88
images/regolith_train_01254.jpg,2,-0.206366,-0.040525,-0.080977,327.56
images/regolith_train_01255.jpg,2,0.020068,-0.244102,-0.264199,341.55
images/regolith_train_01256.jpg,0,0.008781,0.080978,0.143588,718.6
images/regolith_train_01257.jpg,1,0.374733,-0.098884,-0.297226,446.35
images/regolith_train_01258.jpg,0,0.342428,0.173275,-0.232627,749.28
images/regolith_train_01259.jpg,0,-0.058009,0.360663,0.515912,543.56
images/regolith_train_01260.jpg,0,0.139611,-0.10639,0.092288,673.3
images/regolith_train_01261.jpg,3,0.061056,0.193776,-0.765619,353.46
images/regolith_train_01262.jpg,3,-0.353429,0.082383,-0.164719,251.63
images/regolith_train_01263.jpg,1,-0.130612,0.249275,-0.026762,565.68
images/regolith_train_01264.jpg,3,-0.003259,-0.088636,-0.690387,291.3
images/regolith_train_01265.jpg,0,-0.093243,0.042674,0.400955,583.83
images/regolith_train_01266.jpg,2,-0.022786,0.07353,-0.20006,300.74
images/regolith_train_01267.jpg,1,-0.353763,-0.252196,0.158059,626.87
images/regolith_train_01268.jpg,2,0.025128,0.547695,-0.25063,379.83
images/regolith_train_01269.jpg,3,-0.175501,-0.056902,-0.379335,254.59
images/regolith_train_01270.jpg,0,0.271164,0.084426,-0.026986,691.13
images/regolith_train_01271.jpg,0,0.063134,-0.214904,0.060783,760.08
images/regolith_train_01272.jpg,0,-0.071371,0.063561,0.146292,722.22
images/regolith_train_01273.jpg,3,-0.241174,-0.202991,-0.201463,143.56
images/regolith_train_01274.jpg,3,-0.337012,0.073376,-0.343283,294.18
images/regolith_train_01275.jpg,2,0.421423,0.048501,-0.561366,226.82
images/regolith_train_01276.jpg,1,0.123617,0.300459,0.055912,439.91
images/regolith_train_01277.jpg,0,0.342358,0.066956,-0.002986,575.78
images/regolith_train_01278.jpg,3,-0.257913,-0.144298,-0.20421,262.48
images/regolith_train_01279.jpg,0,-0.061951,0.438581,0.496563,639.46
images/regolith_train_01280.jpg,3,-0.184357,0.288503,-0.211214,140.39
images/regolith_train_01281.jpg,2,0.117702,0.40991,-0.310309,289.73
images/regolith_train_01282.jpg,0,0.212938,0.241196,0.263613,582.39
images/regolith_train_01283.jpg,0,-0.171338,0.381412,0.66273,550.34
images/regolith_train_01284.jpg,1,-0.322657,0.018963,0.278519,496.88
images/regolith_train_01285.jpg,2,0.285212,0.497099,-0.61724,418.62
images/regolith_train_01286.jpg,3,-0.184692,0.087988,-0.129306,191.19
images/regolith_train_01287.jpg,3,-0.302719,0.278659,-0.043454,193.94
images/regolith_train_01288.jpg,2,0.375238,-0.526511,-0.578647,363.59
images/regolith_train_01289.jpg,3,0.180396,0.176643,-0.747982,197.65
images/regolith_train_01290.jpg,1,0.228498,0.019393,-0.139243,452.53
images/regolith_train_01291.jpg,0,-0.201754,0.303392,0.310812,765.15
images/regolith_train_01292.jpg,3,-0.035033,-0.146876,-0.467826,222.55
images/regolith_train_01293.jpg,3,0.110642,0.302947,-0.558955,213.08
images/regolith_train_01294.jpg,0,0.013336,-0.184534,0.290212,679.91
images/regolith_train_01295.jpg,1,0.410867,-0.224409,-0.423292,536.67
images/regolith_train_01296.jpg,1,-0.102866,-0.08496,-0.09362,597.03
images/regolith_train_01297.jpg,1,0.265701,0.339621,-0.512391,651.21
images/regolith_train_01298.jpg,2,-0.287606,-0.145688,0.048632,315.2
images/regolith_train_01299.jpg,0,0.35981,0.387458,-0.016256,655.85
images/regolith_train_01300.jpg,2,0.357347,0.194743,-0.425216,318.54
images/regolith_train_01301.jpg,2,0.106373,0.114099,-0.463255,356.13
images/regolith_train_01302.jpg,1,0.109762,0.228992,-0.229372,591.72
images/regolith_train_01303.jpg,0,-0.292497,0.142024,0.394811,729.36
images/regolith_train_01304.jpg,3,-0.337591,0.042996,-0.240991,246.22
images/regolith_train_01305.jpg,2,-0.414717,0.461076,-0.000963,433.48
images/regolith_train_01306.jpg,1,0.00216,0.0334,0.087239,408.73
images/regolith_train_01307.jpg,0,0.269646,0.285855,-0.059092,635.68
images/regolith_train_01308.jpg,2,0.062843,-0.132233,-0.260955,251.53
images/regolith_train_01309.jpg,1,0.408602,-0.159617,-0.422262,528.64
images/regolith_train_01310.jpg,2,0.371233,-0.216711,-0.618976,362.11
images/regolith_train_01311.jpg,2,-0.375787,0.357575,0.084789,391.64
images/regolith_train_01312.jpg,2,-0.237711,-0.274438,-0.102208,427.4
images/regolith_train_01313.jpg,1,-0.37139,-0.187767,0.111859,613.19
images/regolith_train_01314.jpg,3,-0.106057,0.139632,-0.445497,193.63
images/regolith_train_01315.jpg,0,0.38127,0.19406,-0.126252,669.48
images/regolith_train_01316.jpg,2,-0.192202,0.190185,0.10793,204.35
images/regolith_train_01317.jpg,1,0.13569,-0.215494,-0.18631,517.07
images/regolith_train_01318.jpg,2,0.462972,0.162937,-0.663597,308.48
images/regolith_train_01319.jpg,1,-0.160858,-0.252944,0.086779,612.48
images/regolith_train_01320.jpg,1,-0.029418,0.194818,0.050743,585.69
images/regolith_train_01321.jpg,3,-0.359247,0.083179,-0.175805,204.48
images/regolith_train_01322.jpg,2,0.294058,0.435502,-0.490899,406.65
images/regolith_train_01323.jpg,2,-0.120754,0.525425,-0.128862,362.74
images/regolith_train_01324.jpg,1,-0.262337,-0.222854,0.058272,524.16
images/regolith_train_01325.jpg,0,0.039424,-0.067607,0.069957,696.37
images/regolith_train_01326.jpg,1,0.370139,0.519865,-0.365587,524.53
images/regolith_train_01327.jpg,1,0.057765,-0.240003,-0.192794,586.45
images/regolith_train_01328.jpg,2,0.390062,0.179627,-0.680978,355.19
images/regolith_train_01329.jpg,1,-0.304354,0.304787,0.257044,530.07
images/regolith_train_01330.jpg,0,0.028538,0.297712,0.247775,699.17
images/regolith_train_01331.jpg,2,0.419373,-0.22221,-0.816997,485.97
images/regolith_train_01332.jpg,0,0.131551,-0.247814,0.046236,726.37
images/regolith_train_01333.jpg,2,0.084338,0.409368,-0.554431,400.7
images/regolith_train_01334.jpg,0,-0.061725,-0.003251,0.262742,667.93
images/regolith_train_01335.jpg,3,-0.444908,0.192428,-0.09898,217.13
images/regolith_train_01336.jpg,1,0.052733,-0.096088,0.003745,504.19
images/regolith_train_01337.jpg,0,0.419594,0.138676,-0.224938,739.4
images/regolith_train_01338.jpg,3,-0.332409,-0.198059,-0.37596,277.39
images/regolith_train_01339.jpg,1,-0.513001,0.218679,0.335808,589.43
images/regolith_train_01340.jpg,2,0.085064,-0.383469,-0.462629,420.43
images/regolith_train_01341.jpg,1,-0.249087,0.05301,0.250607,499.04
images/regolith_train_01342.jpg,3,-0.289821,-0.088115,-0.220667,232.58
images/regolith_train_01343.jpg,0,0.346272,-0.105003,-0.156419,676.67
images/regolith_train_01344.jpg,0,0.024126,0.061762,0.315314,545.46
images/regolith_train_01345.jpg,3,0.308985,-0.117796,-0.84585,252.53
images/regolith_train_01346.jpg,2,0.375824,0.376466,-0.505428,356.92
images/regolith_train_01347.jpg,1,0.241139,0.192899,-0.163713,499.54
images/regolith_train_01348.jpg,1,-0.196686,0.049352,0.1974,600.25
images/regolith_train_01349.jpg,2,0.238134,-0.336699,-0.532265,409.15
images/regolith_train_01350.jpg,0,0.146661,-0.230745,-0.179961,720.81
images/regolith_train_01351.jpg,1,-0.09251,0.121433,0.257829,499.76
images/regolith_train_01352.jpg,2,0.159,0.2905,-0.270789,306.22
images/regolith_train_01353.jpg,2,0.219059,-0.035052,-0.377187,269.73
images/regolith_train_01354.jpg,1,0.219633,-0.14116,-0.00028,385.67
images/regolith_train_01355.jpg,1,0.100017,0.135617,0.001952,432.53
images/regolith_train_01356.jpg,0,-0.209365,0.161269,0.45621,646.28
images/regolith_train_01357.jpg,0,-0.242798,0.286094,0.448442,677.66
images/regolith_train_01358.jpg,3,0.357653,-0.006584,-0.811679,262.46
images/regolith_train_01359.jpg,1,-0.14623,-0.204321,0.295802,451.42
images/regolith_train_01360.jpg,0,0.196183,-0.135534,-0.179562,763.86
images/regolith_train_01361.jpg,0,-0.222414,-0.251801,0.423589,645.11
images/regolith_train_01362.jpg,3,-0.255177,-0.22591,-0.13458,210.36
images/regolith_train_01363.jpg,3,-0.232344,-0.115751,-0.375549,294.26
images/regolith_train_01364.jpg,0,-0.176249,0.338225,0.434495,590.85
images/regolith_train_01365.jpg,3,0.129834,0.057197,-0.667162,237.49
images/regolith_train_01366.jpg,3,0.081199,0.171156,-0.64904,275.08
images/regolith_train_01367.jpg,0,0.506367,-0.038595,-0.312858,757.19
images/regolith_train_01368.jpg,1,0.118131,-0.264699,-0.265618,574.62
images/regolith_train_01369.jpg,3,-0.255707,0.322024,-0.017927,133.24
images/regolith_train_01370.jpg,1,0.047387,0.430118,-0.162223,603.66
images/regolith_train_01371.jpg,0,-0.116749,-0.053092,0.30652,682.96
images/regolith_train_01372.jpg,3,-0.309403,-0.281432,-0.121773,213.3
images/regolith_train_01373.jpg,0,0.246714,0.345926,0.124887,685.69
images/regolith_train_01374.jpg,3,-0.117757,-0.127972,-0.532216,308.59
images/regolith_train_01375.jpg,2,0.187521,0.351101,-0.419248,350.56
images/regolith_train_01376.jpg,2,0.137864,0.105486,-0.404074,399.92
images/regolith_train_01377.jpg,3,0.136492,-0.004148,-0.797615,304.17
images/regolith_train_01378.jpg,3,-0.258823,0.271493,-0.394666,308.91
images/regolith_train_01379.jpg,0,0.223707,0.066016,0.091771,632.75
images/regolith_train_01380.jpg,3,-0.235723,0.030973,-0.424306,309.15
images/regolith_train_01381.jpg,1,0.25341,-0.061784,-0.109051,474.99
images/regolith_train_01382.jpg,0,-0.110668,0.512705,0.420672,615.54
images/regolith_train_01383.jpg,1,-0.054234,0.00354,0.065932,478.19
images/regolith_train_01384.jpg,1,0.183643,0.354082,-0.157022,555.8
images/regolith_train_01385.jpg,3,0.131894,-0.205291,-0.663866,195.98
images/regolith_train_01386.jpg,0,-0.217809,0.051513,0.501106,655.87
images/regolith_train_01387.jpg,2,-0.026828,-0.369304,-0.26626,346.39
images/regolith_train_01388.jpg,3,-0.010359,0.187854,-0.429879,169.35
images/regolith_train_01389.jpg,2,-0.210858,-0.380366,-0.130696,394.18
images/regolith_train_01390.jpg,1,-0.541029,-0.082661,0.670778,457.91
images/regolith_train_01391.jpg,1,-0.036666,0.290861,-0.221455,588.64
images/regolith_train_01392.jpg,3,-0.195426,-0.066386,-0.217043,183.44
images/regolith_train_01393.jpg,1,0.417545,0.357905,-0.430993,584.12
images/regolith_train_01394.jpg,2,0.230821,0.380561,-0.420243,378.01
images/regolith_train_01395.jpg,0,-0.13007,0.154821,0.150813,735.01
images/regolith_train_01396.jpg,0,-0.326116,0.113302,0.55606,589.78
images/regolith_train_01397.jpg,2,-0.051777,-0.330045,-0.193623,328.92
images/regolith_train_01398.jpg,0,0.082762,-0.161719,0.212859,671.69
images/regolith_train_01399.jpg,2,-0.066192,0.378866,-0.199664,321.89
images/regolith_train_01400.jpg,0,-0.260652,0.122892,0.321367,735.88
images/regolith_train_01401.jpg,2,-0.26975,0.119172,0.091152,352.96
images/regolith_train_01402.jpg,3,0.18549,0.00501,-0.61438,180.15
images/regolith_train_01403.jpg,2,-0.40995,-0.337895,0.06817,366.1
images/regolith_train_01404.jpg,1,0.209498,0.399404,-0.281864,534.67
images/regolith_train_01405.jpg,1,0.161444,-0.262688,-0.088337,527.21
images/regolith_train_01406.jpg,0,-0.288503,0.328833,0.406916,632.17
images/regolith_train_01407.jpg,3,-0.240184,-0.187099,-0.387454,355.23
images/regolith_train_01408.jpg,0,0.39693,0.124213,-0.017117,657.52
images/regolith_train_01409.jpg,3,0.174411,0.149737,-0.770733,289.03
images/regolith_train_01410.jpg,1,-0.077105,0.405589,-0.059649,630.57
images/regolith_train_01411.jpg,2,0.135497,-0.325298,-0.298902,378.59
images/regolith_train_01412.jpg,0,0.055125,0.360145,0.068048,668.82
images/regolith_train_01413.jpg,0,0.108811,-0.151182,0.139867,662.9
images/regolith_train_01414.jpg,0,0.341931,0.116731,-0.089427,626.84
images/regolith_train_01415.jpg,1,0.462829,0.408683,-0.586907,574.69
images/regolith_train_01416.jpg,0,0.217033,0.041527,0.03332,670.37
images/regolith_train_01417.jpg,1,-0.22607,0.188613,0.020372,630.4
images/regolith_train_01418.jpg,2,0.099247,-0.279635,-0.388117,336.13
images/regolith_train_01419.jpg,1,-0.224688,0.086855,0.228708,519.3
images/regolith_train_01420.jpg,0,-0.249354,0.026151,0.507216,624.61
images/regolith_train_01421.jpg,3,-0.096852,0.098844,-0.261539,162.0
images/regolith_train_01422.jpg,3,0.150793,0.05868,-0.66813,259.82
images/regolith_train_01423.jpg,2,0.335461,0.288774,-0.641659,391.3
images/regolith_train_01424.jpg,3,0.080729,0.032207,-0.672245,246.36
images/regolith_train_01425.jpg,1,-0.334851,-0.147346,0.281494,604.92
images/regolith_train_01426.jpg,1,0.356021,0.328336,-0.403027,457.19
images/regolith_train_01427.jpg,1,0.367699,0.146783,-0.224236,483.17
images/regolith_train_01428.jpg,1,-0.286355,-0.003201,0.314076,460.19
images/regolith_train_01429.jpg,1,-0.018964,-0.418645,0.130638,489.66
images/regolith_train_01430.jpg,0,-0.090984,0.165037,0.563249,551.94
images/regolith_train_01431.jpg,2,-0.36205,0.126672,0.064302,445.91
images/regolith_train_01432.jpg,1,-0.06358,0.470986,0.046829,576.3
images/regolith_train_01433.jpg,1,0.195524,0.1762,-0.186839,515.05
images/regolith_train_01434.jpg,1,-0.097979,-0.23566,0.188314,505.55
images/regolith_train_01435.jpg,1,-0.254684,-0.001035,0.151352,564.76
images/regolith_train_01436.jpg,3,0.327324,0.223151,-0.861923,215.57
images/regolith_train_01437.jpg,2,0.011658,-0.250822,-0.50829,473.29
images/regolith_train_01438.jpg,1,-0.273159,-0.301965,0.220866,490.62
images/regolith_train_01439.jpg,3,0.355048,0.305561,-0.826427,203.58
images/regolith_train_01440.jpg,2,-0.204792,-0.047776,-0.053495,346.02
images/regolith_train_01441.jpg,0,-0.079133,0.14507,0.248723,689.88
images/regolith_train_01442.jpg,0,0.121034,-0.195281,0.251106,652.38
images/regolith_train_01443.jpg,3,-0.104574,-0.244501,-0.418521,239.53
images/regolith_train_01444.jpg,3,-0.382713,0.268269,-0.049967,161.03
images/regolith_train_01445.jpg,3,0.260966,-0.229704,-0.68275,260.66
images/regolith_train_01446.jpg,3,0.079815,0.231649,-0.472742,204.83
images/regolith_train_01447.jpg,1,0.055788,-0.008671,-0.056423,535.07
images/regolith_train_01448.jpg,2,0.00479,-0.279239,-0.199913,314.87
images/regolith_train_01449.jpg,1,0.092174,-0.322344,-0.272091,522.57
images/regolith_train_01450.jpg,1,-0.336727,0.20646,0.238667,558.34
images/regolith_train_01451.jpg,2,0.421855,0.012651,-0.797019,500.15
images/regolith_train_01452.jpg,2,-0.001332,-0.34871,-0.224484,339.72
images/regolith_train_01453.jpg,3,0.172821,-0.157382,-0.695548,182.47
images/regolith_train_01454.jpg,0,-0.256379,0.514963,0.286042,792.49
images/regolith_train_01455.jpg,2,-0.348974,0.375018,-0.086852,432.67
images/regolith_train_01456.jpg,2,0.474613,-0.026935,-0.843158,406.49
images/regolith_train_01457.jpg,0,-0.101421,-0.217051,0.300585,695.09
images/regolith_train_01458.jpg,1,0.394182,-0.470212,-0.688454,595.41
images/regolith_train_01459.jpg,0,0.278109,0.082709,-0.085533,636.6
images/regolith_train_01460.jpg,3,-0.1148,0.02568,-0.259366,188.17
images/regolith_train_01461.jpg,1,0.107469,-0.26248,-0.177378,517.12
images/regolith_train_01462.jpg,1,0.348057,0.277238,-0.205195,464.7
images/regolith_train_01463.jpg,0,0.320636,-0.195947,-0.166116,689.57
images/regolith_train_01464.jpg,0,-0.180858,0.019304,0.419564,628.92
images/regolith_train_01465.jpg,0,0.467407,0.136141,-0.127346,566.01
images/regolith_train_01466.jpg,3,-0.115226,-0.169095,-0.312654,261.02
images/regolith_train_01467.jpg,3,0.257513,0.035615,-0.782198,248.71
images/regolith_train_01468.jpg,0,0.086409,-0.183839,0.398024,612.37
images/regolith_train_01469.jpg,0,0.295293,-0.25031,-0.216018,713.74
images/regolith_train_01470.jpg,0,0.038762,0.158061,-0.016722,769.5
images/regolith_train_01471.jpg,2,0.180503,0.529443,-0.389762,364.83
images/regolith_train_01472.jpg,3,-0.177413,0.387744,-0.350508,229.5
images/regolith_train_01473.jpg,3,0.380604,0.37725,-0.882155,189.21
images/regolith_train_01474.jpg,2,-0.032792,0.298043,-0.234358,385.16
images/regolith_train_01475.jpg,3,-0.125959,-0.070294,-0.476185,261.65
images/regolith_train_01476.jpg,2,0.412807,0.299081,-0.828129,455.89
images/regolith_train_01477.jpg,3,0.222677,-0.187709,-0.616718,180.54
images/regolith_train_01478.jpg,1,0.569765,0.089953,-0.519891,468.94
images/regolith_train_01479.jpg,1,-0.019159,0.146972,-0.105942,552.4
images/regolith_train_01480.jpg,2,0.403396,-0.392012,-0.579422,354.32
images/regolith_train_01481.jpg,0,0.144227,0.171267,-0.14002,713.93
images/regolith_train_01482.jpg,2,-0.262473,-0.006829,0.137173,313.05
images/regolith_train_01483.jpg,0,-0.070438,-0.013054,0.235393,694.65
images/regolith_train_01484.jpg,3,-0.294366,0.079013,-0.240481,287.51
images/regolith_train_01485.jpg,0,-0.124182,0.066509,0.311071,688.04
images/regolith_train_01486.jpg,1,-0.467541,0.373946,0.419322,514.26
images/regolith_train_01487.jpg,0,0.359626,-0.104295,-0.128319,699.12
images/regolith_train_01488.jpg,0,0.264071,-0.32636,-0.026544,634.02
images/regolith_train_01489.jpg,2,-0.044841,-0.134069,-0.243248,338.64
images/regolith_train_01490.jpg,2,0.385326,-0.343626,-0.520193,316.56
images/regolith_train_01491.jpg,1,0.301716,0.221101,-0.300803,524.35
images/regolith_train_01492.jpg,3,-0.274052,-0.00762,-0.285749,266.86
images/regolith_train_01493.jpg,1,-0.047223,0.110545,0.03989,477.45
images/regolith_train_01494.jpg,1,-0.110821,0.218018,0.111886,570.26
images/regolith_train_01495.jpg,0,0.302771,0.202221,-0.135482,729.43
images/regolith_train_01496.jpg,3,0.206231,-0.061663,-0.762396,225.39
images/regolith_train_01497.jpg,0,0.311348,0.331348,-0.191717,745.9
images/regolith_train_01498.jpg,3,0.236822,0.397799,-0.675912,143.05
images/regolith_train_01499.jpg,3,0.354738,0.145949,-0.796148,227.83
images/regolith_train_01500.jpg,3,0.281171,0.161961,-0.893536,252.61
images/regolith_train_01501.jpg,2,-0.266147,0.121691,0.060728,341.17
images/regolith_train_01502.jpg,2,-0.141508,0.336608,-0.094074,311.41
images/regolith_train_01503.jpg,2,0.287375,-0.233303,-0.442099,303.97
images/regolith_train_01504.jpg,1,-0.100339,0.197086,0.10614,501.07
images/regolith_train_01505.jpg,0,0.098022,0.364236,0.19701,655.83
images/regolith_train_01506.jpg,1,0.271571,-0.005855,-0.489428,610.64
images/regolith_train_01507.jpg,3,-0.219386,0.293062,-0.346301,312.07
images/regolith_train_01508.jpg,0,0.088306,0.111043,0.158978,635.66
images/regolith_train_01509.jpg,0,-0.137406,0.304642,0.402966,627.48
images/regolith_train_01510.jpg,3,0.129511,0.226494,-0.727558,249.4
images/regolith_train_01511.jpg,0,-0.273135,0.230556,0.384826,726.75
images/regolith_train_01512.jpg,3,-0.250792,0.079596,-0.247176,213.39
images/regolith_train_01513.jpg,2,-0.413807,-0.17652,0.301277,307.57
images/regolith_train_01514.jpg,2,0.193406,-0.30011,-0.430926,390.56
images/regolith_train_01515.jpg,0,-0.129658,0.423347,0.318957,642.84
images/regolith_train_01516.jpg,3,-0.208957,-0.108957,-0.529199,405.41
images/regolith_train_01517.jpg,3,-0.170673,0.481837,-0.372085,284.94
images/regolith_train_01518.jpg,1,-0.463892,0.51044,0.519868,532.18
images/regolith_train_01519.jpg,3,0.376366,0.228118,-0.900759,263.49
images/regolith_train_01520.jpg,1,-0.171202,0.060316,0.005649,569.58
images/regolith_train_01521.jpg,2,-0.15288,0.097104,-0.071426,289.09
images/regolith_train_01522.jpg,3,0.198191,0.317494,-0.663612,219.72
images/regolith_train_01523.jpg,3,-0.139097,0.228667,-0.527093,296.06
images/regolith_train_01524.jpg,0,0.336011,-0.069039,-0.16179,731.39
images/regolith_train_01525.jpg,1,0.481642,-0.034563,-0.425714,452.65
images/regolith_train_01526.jpg,2,-0.182552,0.368737,-0.227929,414.66
images/regolith_train_01527.jpg,3,-0.26183,-0.125849,-0.340575,215.18
images/regolith_train_01528.jpg,2,-0.353308,-0.250384,0.175717,348.81
images/regolith_train_01529.jpg,3,0.150224,0.304726,-0.766474,174.03
images/regolith_train_01530.jpg,3,-0.059106,0.254439,-0.483292,310.29
images/regolith_train_01531.jpg,0,-0.16064,0.033911,0.562041,585.55
images/regolith_train_01532.jpg,3,0.299724,-0.111647,-0.70163,202.98
images/regolith_train_01533.jpg,3,0.057324,-0.16691,-0.609957,280.15
images/regolith_train_01534.jpg,3,-0.099465,-0.09396,-0.497478,309.02
images/regolith_train_01535.jpg,2,0.003487,-0.040874,-0.452899,480.47
images/regolith_train_01536.jpg,2,-0.150232,0.236904,-0.201991,406.61
images/regolith_train_01537.jpg,2,-0.332724,0.497275,0.061188,388.18
images/regolith_train_01538.jpg,3,0.121167,0.040389,-0.540643,188.83
images/regolith_train_01539.jpg,2,0.354303,-0.33322,-0.751654,415.43
images/regolith_train_01540.jpg,3,-0.217297,0.110593,-0.208414,177.21
images/regolith_train_01541.jpg,3,-0.227381,-0.066033,-0.289687,211.48
images/regolith_train_01542.jpg,2,-0.278652,0.24048,0.263848,207.2
images/regolith_train_01543.jpg,1,-0.10651,-0.312259,0.06724,531.15
images/regolith_train_01544.jpg,1,-0.13678,-0.158545,-0.019499,540.89
images/regolith_train_01545.jpg,1,0.286007,-0.289488,-0.04311,414.35
images/regolith_train_01546.jpg,0,0.439067,0.127117,-0.237007,711.9
images/regolith_train_01547.jpg,2,0.037263,0.2439,-0.434647,348.37
images/regolith_train_01548.jpg,2,0.033204,0.261561,-0.334462,388.46
images/regolith_train_01549.jpg,0,0.24377,0.09075,-0.052018,695.3
images/regolith_train_01550.jpg,1,-0.101026,0.121971,-0.01418,672.47
images/regolith_train_01551.jpg,0,0.123841,0.34866,-0.106741,800.0
images/regolith_train_01552.jpg,1,0.074248,-0.315423,-0.115855,536.75
images/regolith_train_01553.jpg,3,-0.195876,0.428777,-0.244657,153.35
images/regolith_train_01554.jpg,1,-0.317299,0.094802,0.295187,573.53
images/regolith_train_01555.jpg,0,0.331588,-0.225086,-0.15616,694.19
images/regolith_train_01556.jpg,0,-0.107322,0.226248,0.198016,665.98
images/regolith_train_01557.jpg,0,0.282043,0.344318,0.126427,574.01
images/regolith_train_01558.jpg,2,0.097464,-0.151982,-0.220851,258.07
images/regolith_train_01559.jpg,2,-0.431459,-0.163569,0.160169,318.01
images/regolith_train_01560.jpg,1,0.356591,-0.323155,-0.087016,366.92
images/regolith_train_01561.jpg,2,-0.367392,-0.110553,0.029178,401.91
images/regolith_train_01562.jpg,3,0.273748,0.128571,-0.794411,187.68
images/regolith_train_01563.jpg,1,0.295109,0.240482,-0.17108,471.84
images/regolith_train_01564.jpg,3,-0.078808,-0.047843,-0.114592,120.43
images/regolith_train_01565.jpg,2,0.435458,-0.2657,-0.62315,340.79
images/regolith_train_01566.jpg,3,-0.13766,-0.204476,-0.092432,121.86
images/regolith_train_01567.jpg,1,-0.22351,0.112594,0.156419,584.73
images/regolith_train_01568.jpg,2,0.47876,0.093414,-0.711643,369.52
images/regolith_train_01569.jpg,1,-0.053086,0.42014,0.018959,566.54
images/regolith_train_01570.jpg,2,-0.106367,-0.040895,0.028138,253.76
images/regolith_train_01571.jpg,2,-0.240183,0.09909,0.016834,320.43
images/regolith_train_01572.jpg,1,-0.264639,0.063981,0.189097,541.47
images/regolith_train_01573.jpg,1,-0.042132,0.16116,-0.025492,526.21
images/regolith_train_01574.jpg,0,0.082692,-0.071473,0.153649,638.83
images/regolith_train_01575.jpg,0,0.144351,-0.21003,0.094259,710.67
images/regolith_train_01576.jpg,2,0.068463,0.259279,-0.441863,374.0
images/regolith_train_01577.jpg,2,-0.275029,-0.294848,-0.075314,385.39
images/regolith_train_01578.jpg,1,-0.458943,-0.167088,0.45307,511.67
images/regolith_train_01579.jpg,1,-0.393234,0.520138,0.409581,532.37
images/regolith_train_01580.jpg,2,0.359071,-0.187119,-0.686326,359.22
images/regolith_train_01581.jpg,3,-0.342675,0.139903,-0.188094,274.37
images/regolith_train_01582.jpg,3,-0.084612,0.083717,-0.365917,192.5
images/regolith_train_01583.jpg,2,0.222685,-0.312035,-0.547934,389.99
images/regolith_train_01584.jpg,3,0.025902,0.278767,-0.377009,170.09
images/regolith_train_01585.jpg,3,0.073437,0.080554,-0.664618,267.57
images/regolith_train_01586.jpg,1,-0.498457,-0.150605,0.409052,603.06
images/regolith_train_01587.jpg,2,-0.079235,-0.055307,-0.354444,419.12
images/regolith_train_01588.jpg,0,0.379718,-0.032792,-0.042705,616.51
images/regolith_train_01589.jpg,3,-0.200099,0.298338,-0.468182,280.8
images/regolith_train_01590.jpg,0,0.166579,0.140607,-0.05109,645.44
images/regolith_train_01591.jpg,1,-0.058415,-0.186497,0.037782,566.77
images/regolith_train_01592.jpg,2,0.290356,-0.074632,-0.542637,367.87
images/regolith_train_01593.jpg,1,0.007917,-0.177611,-0.190207,705.24
images/regolith_train_01594.jpg,0,-0.38579,-0.043743,0.543856,671.12
images/regolith_train_01595.jpg,1,0.09523,0.539566,-0.221773,558.77
images/regolith_train_01596.jpg,2,-0.339924,-0.107743,0.038534,345.89
images/regolith_train_01597.jpg,0,0.307361,-0.153829,0.10995,626.36
images/regolith_train_01598.jpg,3,0.155525,-0.281222,-0.686834,256.01
images/regolith_train_01599.jpg,0,0.062066,-0.069956,-0.0724,800.0
images/regolith_train_01600.jpg,0,0.293433,0.161938,-0.051149,680.52
images/regolith_train_01601.jpg,3,-0.268999,0.306364,0.07807,108.9
images/regolith_train_01602.jpg,2,-0.093387,-0.112454,-0.168588,346.3
images/regolith_train_01603.jpg,2,0.249863,0.453304,-0.469799,359.99
images/regolith_train_01604.jpg,1,-0.018278,0.43888,-0.049299,549.67
images/regolith_train_01605.jpg,3,-0.256536,-0.11278,-0.218492,250.05
images/regolith_train_01606.jpg,2,0.543878,0.20139,-0.647149,286.45
images/regolith_train_01607.jpg,2,-0.384414,0.321924,0.395029,270.22
images/regolith_train_01608.jpg,0,-0.176076,0.444625,0.300193,748.35
images/regolith_train_01609.jpg,1,0.022375,0.052657,0.129741,418.03
images/regolith_train_01610.jpg,1,-0.288933,-0.249639,0.434349,497.51
images/regolith_train_01611.jpg,0,-0.219094,0.374478,0.536171,683.85
images/regolith_train_01612.jpg,2,0.450183,0.378998,-0.859832,415.73
images/regolith_train_01613.jpg,2,0.085571,0.482179,-0.479118,415.55
images/regolith_train_01614.jpg,3,0.012113,0.23727,-0.377656,218.87
images/regolith_train_01615.jpg,1,-0.344092,0.394095,0.489697,464.87
images/regolith_train_01616.jpg,1,0.339239,0.3798,-0.29995,496.03
images/regolith_train_01617.jpg,2,0.277965,-0.194547,-0.623404,399.0
images/regolith_train_01618.jpg,2,-0.153122,0.386507,-0.095247,391.41
images/regolith_train_01619.jpg,2,-0.263729,0.443012,-0.302592,521.31
images/regolith_train_01620.jpg,2,0.450262,0.177959,-0.76158,402.6
images/regolith_train_01621.jpg,1,-0.538591,0.377137,0.535608,490.17
images/regolith_train_01622.jpg,3,0.014619,0.330772,-0.438507,204.34
images/regolith_train_01623.jpg,1,-0.208667,0.354876,0.154926,594.28
images/regolith_train_01624.jpg,3,0.078203,0.140482,-0.552758,235.83
images/regolith_train_01625.jpg,3,-0.05557,0.469871,-0.568593,258.84
images/regolith_train_01626.jpg,2,-0.026493,0.116608,-0.267492,389.3
images/regolith_train_01627.jpg,2,-0.17147,0.353276,-0.069164,341.96
images/regolith_train_01628.jpg,1,0.127506,-0.322532,-0.181121,523.59
images/regolith_train_01629.jpg,0,-0.149555,0.231783,0.081797,745.1
images/regolith_train_01630.jpg,2,0.274844,0.474871,-0.489017,388.51
images/regolith_train_01631.jpg,3,-0.076724,0.150075,-0.424065,238.16
images/regolith_train_01632.jpg,0,0.254439,0.404106,-0.171059,729.57
images/regolith_train_01633.jpg,0,0.257861,0.29735,-0.133251,656.26
images/regolith_train_01634.jpg,0,0.467079,-0.349797,-0.276017,750.27
images/regolith_train_01635.jpg,2,-0.097726,0.221174,-0.087928,284.81
images/regolith_train_01636.jpg,2,0.01004,-0.102082,-0.376276,374.11
images/regolith_train_01637.jpg,3,-0.088141,0.173883,-0.389261,233.17
images/regolith_train_01638.jpg,0,0.161728,-0.293406,0.009365,741.76
images/regolith_train_01639.jpg,3,0.31663,0.130982,-0.60264,146.53
images/regolith_train_01640.jpg,2,-0.046339,-0.275844,-0.223034,364.97
images/regolith_train_01641.jpg,1,0.217194,0.541693,-0.199161,475.08
images/regolith_train_01642.jpg,2,0.524375,0.006325,-0.964719,469.62
images/regolith_train_01643.jpg,2,0.463491,0.048104,-0.73054,340.42
images/regolith_train_01644.jpg,3,0.173139,0.299913,-0.31992,52.09
images/regolith_train_01645.jpg,1,0.297632,-0.132121,-0.272163,587.4
images/regolith_train_01646.jpg,3,-0.198979,-0.244388,-0.423467,313.67
images/regolith_train_01647.jpg,2,0.339941,0.155722,-0.560372,326.63
images/regolith_train_01648.jpg,0,0.156123,0.250834,0.094399,640.56
images/regolith_train_01649.jpg,3,-0.287672,0.146384,-0.231201,255.52
images/regolith_train_01650.jpg,1,0.059141,-0.384019,-0.185951,624.71
images/regolith_train_01651.jpg,3,0.274119,0.306706,-0.786361,225.95
images/regolith_train_01652.jpg,0,-0.286728,-0.11102,0.378772,727.43
images/regolith_train_01653.jpg,0,-0.309759,0.0769,0.415835,663.7
images/regolith_train_01654.jpg,0,0.24301,0.046474,-0.106882,736.92
images/regolith_train_01655.jpg,0,0.138446,0.29443,0.091336,694.6
images/regolith_train_01656.jpg,2,-0.137302,0.150279,-0.057208,387.2
images/regolith_train_01657.jpg,2,0.189572,-0.198506,-0.509677,352.52
images/regolith_train_01658.jpg,0,0.409183,-0.176548,-0.263177,718.08
images/regolith_train_01659.jpg,2,0.502131,0.111617,-0.773221,397.63
images/regolith_train_01660.jpg,0,-0.175368,-0.143378,0.505058,641.61
images/regolith_train_01661.jpg,2,0.054913,0.186911,-0.264776,356.1
images/regolith_train_01662.jpg,1,-0.424303,-0.131671,0.497371,398.83
images/regolith_train_01663.jpg,0,-0.243426,-0.043273,0.170511,800.0
images/regolith_train_01664.jpg,0,-0.101849,-0.180513,0.269903,699.09
images/regolith_train_01665.jpg,2,0.523927,-0.032616,-0.729775,285.02
images/regolith_train_01666.jpg,3,0.358831,-0.035421,-0.773662,214.24
images/regolith_train_01667.jpg,3,-0.178207,-0.077281,-0.490027,273.62
images/regolith_train_01668.jpg,1,-0.030226,0.503573,0.046645,541.02
images/regolith_train_01669.jpg,0,0.370709,0.450004,-0.09461,641.29
images/regolith_train_01670.jpg,0,0.145715,-0.0035,0.037423,668.17
images/regolith_train_01671.jpg,1,0.261509,0.459661,-0.372011,557.36
images/regolith_train_01672.jpg,3,-0.333286,-0.171455,-0.126558,222.04
images/regolith_train_01673.jpg,0,0.105012,0.145495,0.009774,751.94
images/regolith_train_01674.jpg,0,0.167602,-0.08398,0.029417,711.87
images/regolith_train_01675.jpg,2,-0.338877,0.318102,0.184749,289.01
images/regolith_train_01676.jpg,0,-0.005333,0.32298,0.448424,595.79
images/regolith_train_01677.jpg,2,0.255607,0.540208,-0.322291,243.26
images/regolith_train_01678.jpg,2,-0.145575,0.452802,-0.109229,317.05
images/regolith_train_01679.jpg,0,0.244475,0.132021,-0.105656,767.85
images/regolith_train_01680.jpg,2,0.028966,-0.034384,-0.322827,394.34
images/regolith_train_01681.jpg,3,-0.303081,0.383894,-0.124924,195.63
images/regolith_train_01682.jpg,2,-0.097044,-0.06858,-0.376882,480.7
images/regolith_train_01683.jpg,0,-0.077651,0.307083,0.297123,660.19
images/regolith_train_01684.jpg,3,-0.311196,-0.068098,-0.309162,190.22
images/regolith_train_01685.jpg,3,0.103526,0.204257,-0.480713,161.61
images/regolith_train_01686.jpg,1,-0.107685,0.20918,-0.036165,649.28
images/regolith_train_01687.jpg,1,-0.315487,-0.058212,0.273959,552.76
images/regolith_train_01688.jpg,0,0.375406,-0.178868,-0.069426,686.02
images/regolith_train_01689.jpg,0,0.196046,0.024948,-0.027175,689.94
images/regolith_train_01690.jpg,2,-0.049645,0.436705,-0.311722,372.38
images/regolith_train_01691.jpg,2,0.328848,0.058562,-0.465935,348.38
images/regolith_train_01692.jpg,3,-0.1496,0.262327,-0.178873,122.2
images/regolith_train_01693.jpg,2,-0.262751,-0.361162,0.174408,293.9
images/regolith_train_01694.jpg,2,0.456966,0.28964,-0.661343,396.94
images/regolith_train_01695.jpg,0,0.498219,0.123797,-0.195037,640.07
images/regolith_train_01696.jpg,2,-0.207318,0.406914,0.01858,268.48
images/regolith_train_01697.jpg,1,0.064458,-0.031958,-0.0224,481.07
images/regolith_train_01698.jpg,3,-0.030325,0.206674,-0.600382,258.58
images/regolith_train_01699.jpg,1,-0.020432,-0.396685,-0.027259,458.94
images/regolith_train_01700.jpg,2,-0.086201,0.035187,-0.072261,292.49
images/regolith_train_01701.jpg,2,-0.310255,0.38103,0.156016,351.24
images/regolith_train_01702.jpg,1,-0.126598,-0.416697,0.105536,516.69
images/regolith_train_01703.jpg,1,-0.446555,-0.357894,0.203844,667.12
images/regolith_train_01704.jpg,0,-0.065465,-0.205985,0.276593,696.74
images/regolith_train_01705.jpg,0,-0.384358,0.145899,0.563793,603.05
images/regolith_train_01706.jpg,2,0.173721,0.193665,-0.302778,309.27
images/regolith_train_01707.jpg,1,0.408914,0.195336,-0.479363,563.47
images/regolith_train_01708.jpg,3,0.315519,-0.235198,-1.0,395.24
images/regolith_train_01709.jpg,2,0.36122,-0.408466,-0.697021,414.35
images/regolith_train_01710.jpg,1,0.048194,0.460635,-0.108601,612.56
images/regolith_train_01711.jpg,2,0.062461,-0.195006,-0.416652,369.98
images/regolith_train_01712.jpg,2,-0.242891,0.46403,-0.077153,307.07
images/regolith_train_01713.jpg,3,-0.343291,0.192776,-0.058502,137.85
images/regolith_train_01714.jpg,2,-0.1135,0.152495,-0.108784,296.56
images/regolith_train_01715.jpg,2,-0.445938,-0.311892,0.07608,452.25
images/regolith_train_01716.jpg,0,0.348175,-0.146945,-0.182173,724.47
images/regolith_train_01717.jpg,1,0.393522,-0.036847,-0.574711,666.27
images/regolith_train_01718.jpg,2,0.242456,0.478627,-0.58038,481.74
images/regolith_train_01719.jpg,1,0.06409,-0.337809,0.015592,538.72
images/regolith_train_01720.jpg,3,0.007714,0.23493,-0.40486,137.63
images/regolith_train_01721.jpg,1,0.501336,0.372814,-0.492425,534.38
images/regolith_train_01722.jpg,1,-0.118627,-0.142218,0.074097,517.68
images/regolith_train_01723.jpg,1,-0.052421,0.108318,-0.147586,645.6
images/regolith_train_01724.jpg,3,-0.197052,0.141296,-0.289503,218.62
images/regolith_train_01725.jpg,2,0.081886,0.20603,-0.343636,379.25
images/regolith_train_01726.jpg,0,0.290808,0.020132,-0.149506,677.96
images/regolith_train_01727.jpg,2,0.407247,0.084532,-0.57424,288.15
images/regolith_train_01728.jpg,0,-0.347001,0.020721,0.605054,593.0
images/regolith_train_01729.jpg,2,-0.323945,0.026222,-0.013904,423.41
images/regolith_train_01730.jpg,3,0.032298,0.355522,-0.504296,183.84
images/regolith_train_01731.jpg,2,0.286575,0.307477,-0.328309,275.22
images/regolith_train_01732.jpg,1,0.427846,0.413679,-0.530379,558.26
images/regolith_train_01733.jpg,2,0.04589,0.498341,-0.29425,387.69
images/regolith_train_01734.jpg,0,0.081574,0.02323,0.293943,576.42
images/regolith_train_01735.jpg,2,0.371905,0.262707,-0.591459,360.05
images/regolith_train_01736.jpg,3,0.113003,-0.045965,-0.643146,205.32
images/regolith_train_01737.jpg,3,0.196422,0.326304,-0.80431,256.67
images/regolith_train_01738.jpg,3,-0.370836,0.278776,-0.229552,289.91
images/regolith_train_01739.jpg,2,-0.271409,-0.146433,-0.048388,374.25
images/regolith_train_01740.jpg,2,0.325619,-0.173469,-0.498546,356.55
images/regolith_train_01741.jpg,0,0.172769,-0.252713,0.065928,721.19
images/regolith_train_01742.jpg,2,0.439199,0.502921,-0.79064,335.7
images/regolith_train_01743.jpg,0,-0.144308,-0.223609,0.432279,648.45
images/regolith_train_01744.jpg,2,0.389784,0.239236,-0.91075,519.4
images/regolith_train_01745.jpg,0,-0.173873,0.122073,0.192452,800.0
images/regolith_train_01746.jpg,0,0.076506,0.425382,0.129754,672.83
images/regolith_train_01747.jpg,2,-0.289018,0.209541,0.063056,357.49
images/regolith_train_01748.jpg,3,0.170652,0.348784,-0.767127,196.23
images/regolith_train_01749.jpg,1,0.392397,0.150957,-0.490699,591.47
images/regolith_train_01750.jpg,0,-0.046486,-0.056141,-0.011496,769.93
images/regolith_train_01751.jpg,0,0.290058,-0.076191,0.002199,607.82
images/regolith_train_01752.jpg,0,0.143901,0.235869,0.166145,621.34
images/regolith_train_01753.jpg,0,0.312878,0.21772,-0.153946,698.01
images/regolith_train_01754.jpg,2,-0.473897,0.055397,0.1376,402.09
images/regolith_train_01755.jpg,3,0.155023,-0.226016,-0.603885,234.58
images/regolith_train_01756.jpg,1,-0.129607,-0.451704,0.087153,497.48
images/regolith_train_01757.jpg,3,-0.085422,0.124231,-0.312514,175.89
images/regolith_train_01758.jpg,1,0.441493,-0.121846,-0.575709,599.32
images/regolith_train_01759.jpg,0,-0.206953,0.034814,0.458087,628.4
images/regolith_train_01760.jpg,1,-0.137452,0.267735,0.223244,487.85
images/regolith_train_01761.jpg,2,0.021557,-0.396474,-0.381057,419.54
images/regolith_train_01762.jpg,1,0.391192,-0.347756,-0.555301,610.82
images/regolith_train_01763.jpg,2,-0.173305,-0.293161,-0.258404,471.85
images/regolith_train_01764.jpg,2,-0.285151,0.175058,-0.090967,385.13
images/regolith_train_01765.jpg,0,0.242331,0.028618,-0.100557,680.15
images/regolith_train_01766.jpg,3,-0.029794,0.249321,-0.420277,167.37
images/regolith_train_01767.jpg,2,-0.033937,0.373817,-0.427928,481.7
images/regolith_train_01768.jpg,3,-0.109339,0.034802,-0.401928,250.97
images/regolith_train_01769.jpg,3,0.266081,-0.009903,-0.777935,236.26
images/regolith_train_01770.jpg,2,0.101122,0.242175,-0.348819,335.32
images/regolith_train_01771.jpg,0,-0.133709,-0.029215,0.324499,656.64
images/regolith_train_01772.jpg,0,0.169581,-0.262464,-0.125721,744.92
images/regolith_train_01773.jpg,1,0.142439,-0.072565,-0.424051,639.52
images/regolith_train_01774.jpg,2,0.171894,0.322004,-0.353697,311.93
images/regolith_train_01775.jpg,3,0.026532,0.326236,-0.274339,89.29
images/regolith_train_01776.jpg,0,0.456577,0.017055,-0.278082,733.6
images/regolith_train_01777.jpg,2,0.363145,0.087418,-0.506562,317.38
images/regolith_train_01778.jpg,1,-0.296589,0.373389,0.338896,455.89
images/regolith_train_01779.jpg,3,-0.150175,-0.433175,-0.320824,191.05
images/regolith_train_01780.jpg,0,-0.125348,-0.064531,0.333709,646.49
images/regolith_train_01781.jpg,1,-0.055823,0.106088,0.097059,503.3
images/regolith_train_01782.jpg,0,0.095765,0.18699,0.273701,550.81
images/regolith_train_01783.jpg,3,0.371832,-0.075485,-0.764319,198.78
images/regolith_train_01784.jpg,3,0.323033,0.275603,-0.713921,231.71
images/regolith_train_01785.jpg,3,-0.137654,-0.075951,-0.330911,213.28
images/regolith_train_01786.jpg,1,0.457201,-0.245226,-0.431443,496.85
images/regolith_train_01787.jpg,3,-0.271538,0.197328,-0.195612,198.45
images/regolith_train_01788.jpg,1,-0.011158,0.491905,0.085545,509.64
images/regolith_train_01789.jpg,2,-0.027819,0.352969,-0.303227,380.71
images/regolith_train_01790.jpg,3,-0.049037,0.243832,-0.535744,289.3
images/regolith_train_01791.jpg,1,0.194688,-0.375609,-0.228541,467.63
images/regolith_train_01792.jpg,0,0.230182,-0.152328,-0.187331,787.6
images/regolith_train_01793.jpg,2,-0.205069,-0.044076,-0.122623,418.03
images/regolith_train_01794.jpg,1,-0.062915,0.19588,-0.078654,591.84
images/regolith_train_01795.jpg,1,-0.046272,0.187467,-0.220751,656.54
images/regolith_train_01796.jpg,3,-0.241816,0.100934,-0.314559,289.67
images/regolith_train_01797.jpg,3,0.409477,0.098426,-1.0,279.14
images/regolith_train_01798.jpg,3,0.338558,0.084497,-0.873239,280.12
images/regolith_train_01799.jpg,0,-0.106916,0.080225,0.393716,554.98
images/regolith_train_01800.jpg,1,0.351103,-0.237499,-0.346751,543.82
images/regolith_train_01801.jpg,1,0.444535,0.191141,-0.58942,574.29
images/regolith_train_01802.jpg,1,0.529679,-0.240259,-0.431046,449.22
images/regolith_train_01803.jpg,1,-0.00342,-0.019507,-0.355855,635.98
images/regolith_train_01804.jpg,2,-0.102398,-0.297204,-0.111365,294.43
images/regolith_train_01805.jpg,3,-0.007445,-0.199819,-0.463849,182.71
images/regolith_train_01806.jpg,0,0.193239,0.022277,-0.002079,721.44
images/regolith_train_01807.jpg,2,0.208408,-0.005683,-0.465185,363.95
images/regolith_train_01808.jpg,1,-0.081787,-0.23145,-0.183362,592.74
images/regolith_train_01809.jpg,3,-0.407433,-0.109384,-0.142692,189.61
images/regolith_train_01810.jpg,1,0.524221,-0.031499,-0.711197,614.16
images/regolith_train_01811.jpg,1,0.063603,-0.026773,-0.083333,578.36
images/regolith_train_01812.jpg,0,0.372408,0.082854,-0.136242,679.14
images/regolith_train_01813.jpg,1,-0.275526,0.052722,0.16587,517.0
images/regolith_train_01814.jpg,1,-0.413907,0.039067,0.13721,640.92
images/regolith_train_01815.jpg,0,0.044034,0.075875,0.249101,641.29
images/regolith_train_01816.jpg,0,0.32101,-0.062484,-0.195802,635.74
images/regolith_train_01817.jpg,0,0.441152,-0.198916,-0.154403,664.31
images/regolith_train_01818.jpg,3,0.162802,0.232036,-0.683957,265.84
images/regolith_train_01819.jpg,3,0.015285,-0.301265,-0.440993,172.86
images/regolith_train_01820.jpg,3,-0.029315,0.278623,-0.214295,152.16
images/regolith_train_01821.jpg,3,0.078053,0.189825,-0.67252,281.37
images/regolith_train_01822.jpg,3,-0.186432,-0.24414,-0.20554,177.05
images/regolith_train_01823.jpg,1,-0.307971,-0.154033,0.332648,496.91
images/regolith_train_01824.jpg,0,0.208425,-0.211499,0.209325,561.26
images/regolith_train_01825.jpg,2,-0.35448,-0.199497,0.027121,396.03
images/regolith_train_01826.jpg,2,0.493686,-0.314862,-0.692891,380.09
images/regolith_train_01827.jpg,0,0.057737,0.28461,0.044954,712.33
images/regolith_train_01828.jpg,2,0.165749,-0.278907,-0.339443,335.39
images/regolith_train_01829.jpg,0,-0.018177,0.573606,0.160607,669.72
images/regolith_train_01830.jpg,2,-0.163554,-0.17027,0.022511,329.23
images/regolith_train_01831.jpg,1,-0.243836,-0.277867,0.278671,519.51
images/regolith_train_01832.jpg,3,0.208415,-0.143974,-1.0,345.5
images/regolith_train_01833.jpg,1,0.120306,0.220781,-0.158785,550.24
images/regolith_train_01834.jpg,1,0.236921,0.009313,-0.342602,584.6
images/regolith_train_01835.jpg,1,-0.338447,0.288197,0.234092,605.67
images/regolith_train_01836.jpg,0,0.275672,-0.302583,-0.084351,738.92
images/regolith_train_01837.jpg,1,0.368062,0.08499,-0.429178,575.92
images/regolith_train_01838.jpg,2,0.040079,0.459988,-0.196173,279.91
images/regolith_train_01839.jpg,2,-0.388421,0.08681,-0.014888,333.42
images/regolith_train_01840.jpg,3,-0.16151,-0.198486,-0.339866,182.63
images/regolith_train_01841.jpg,2,-0.281841,-0.091157,0.150524,322.29
images/regolith_train_01842.jpg,0,0.049907,0.18808,0.276109,678.26
images/regolith_train_01843.jpg,3,-0.112699,0.371643,-0.326604,211.28
images/regolith_train_01844.jpg,0,-0.213466,0.09545,0.452642,564.78
images/regolith_train_01845.jpg,1,0.028485,-0.270935,-0.177824,571.11
images/regolith_train_01846.jpg,0,-0.069412,-0.284965,0.226349,687.06
images/regolith_train_01847.jpg,1,-0.112211,0.49052,0.170062,476.67
images/regolith_train_01848.jpg,0,0.111197,0.315808,0.209129,599.82
images/regolith_train_01849.jpg,1,0.251197,-0.028079,-0.332649,607.97
images/regolith_train_01850.jpg,3,0.366878,-0.295627,-0.683455,154.7
images/regolith_train_01851.jpg,0,-0.2025,0.003423,0.450994,701.9
images/regolith_train_01852.jpg,3,-0.126411,0.061955,-0.327696,232.13
images/regolith_train_01853.jpg,2,0.028466,-0.216407,-0.321192,389.76
images/regolith_train_01854.jpg,2,0.455538,0.309939,-0.702789,395.98
images/regolith_train_01855.jpg,2,-0.332011,-0.081609,0.038027,367.77
images/regolith_train_01856.jpg,0,0.390857,0.255763,-0.168665,613.55
images/regolith_train_01857.jpg,3,-0.225554,0.009932,-0.185514,123.41
images/regolith_train_01858.jpg,0,0.2762,-0.06493,-0.017772,651.35
images/regolith_train_01859.jpg,2,0.143791,0.06062,-0.362069,357.8
images/regolith_train_01860.jpg,2,0.092713,0.123707,-0.382038,389.17
images/regolith_train_01861.jpg,3,-0.334913,0.324754,-0.174021,271.94
images/regolith_train_01862.jpg,3,-0.066781,0.123438,-0.378147,167.61
images/regolith_train_01863.jpg,0,0.356757,-0.11079,-0.152856,718.72
images/regolith_train_01864.jpg,2,-0.172074,0.298256,-0.185221,384.1
images/regolith_train_01865.jpg,0,-0.205213,0.45881,0.549969,625.76
images/regolith_train_01866.jpg,1,0.119525,0.099554,0.026161,439.63
images/regolith_train_01867.jpg,1,-0.146475,-0.318068,0.082949,498.98
images/regolith_train_01868.jpg,2,-0.260013,0.190726,0.139893,324.7
images/regolith_train_01869.jpg,2,0.156985,0.387288,-0.316467,305.39
images/regolith_train_01870.jpg,2,-0.198491,0.538903,0.039434,310.02
images/regolith_train_01871.jpg,3,-0.06659,-0.181155,-0.41741,198.99
images/regolith_train_01872.jpg,2,0.181127,-0.046286,-0.310188,198.57
images/regolith_train_01873.jpg,3,-0.234733,-0.291453,-0.028655,144.19
images/regolith_train_01874.jpg,3,0.28883,-0.209038,-0.812538,212.41
images/regolith_train_01875.jpg,3,0.402375,-0.204641,-0.925172,304.06
images/regolith_train_01876.jpg,3,-0.278688,-0.236833,-0.257082,188.84
images/regolith_train_01877.jpg,0,0.552845,-0.117146,-0.211154,684.05
images/regolith_train_01878.jpg,2,-0.236683,0.23445,-0.101932,421.17
images/regolith_train_01879.jpg,1,0.021695,-0.020746,0.003927,540.98
images/regolith_train_01880.jpg,0,0.303209,0.14713,-0.076421,677.86
images/regolith_train_01881.jpg,3,-0.261016,0.115338,-0.16403,216.94
images/regolith_train_01882.jpg,3,-0.04831,-0.305602,-0.559395,260.07
images/regolith_train_01883.jpg,0,0.013101,-0.152468,0.211866,614.67
images/regolith_train_01884.jpg,1,0.050929,0.126292,-0.041837,546.61
images/regolith_train_01885.jpg,0,-0.059829,0.259828,0.317929,639.78
images/regolith_train_01886.jpg,1,0.553358,0.434729,-0.580877,599.45
images/regolith_train_01887.jpg,1,0.529104,-0.452035,-0.37768,492.93
images/regolith_train_01888.jpg,1,0.117424,0.323128,-0.209417,559.16
images/regolith_train_01889.jpg,1,-0.47579,-0.088572,0.474264,494.96
images/regolith_train_01890.jpg,0,-0.04622,0.475462,0.25264,636.55
images/regolith_train_01891.jpg,2,0.060437,0.389578,-0.199642,355.57
images/regolith_train_01892.jpg,2,0.323325,0.301053,-0.656391,386.18
images/regolith_train_01893.jpg,3,-0.298151,-0.005054,-0.136489,139.23
images/regolith_train_01894.jpg,1,0.208176,0.203468,-0.224904,507.06
images/regolith_train_01895.jpg,3,0.106895,0.063501,-0.528138,188.0
images/regolith_train_01896.jpg,1,0.460749,-0.374597,-0.417087,438.21
images/regolith_train_01897.jpg,1,-0.175794,-0.142133,0.063482,599.06
images/regolith_train_01898.jpg,3,-0.031237,0.230579,-0.333574,153.99
images/regolith_train_01899.jpg,0,0.284563,-0.225655,-0.166186,718.81
images/regolith_train_01900.jpg,0,0.086946,-0.013034,0.105112,692.23
images/regolith_train_01901.jpg,3,0.116665,-0.048,-0.595458,170.6
images/regolith_train_01902.jpg,1,0.386998,-0.250698,-0.330748,523.97
images/regolith_train_01903.jpg,0,0.091196,0.355783,0.169491,666.81
images/regolith_train_01904.jpg,0,0.151084,-0.223315,0.20139,634.83
images/regolith_train_01905.jpg,3,-0.003493,0.19503,-0.766991,393.02
images/regolith_train_01906.jpg,3,0.260556,-0.116057,-0.89521,306.52
images/regolith_train_01907.jpg,3,-0.115188,-0.01676,-0.381771,167.42
images/regolith_train_01908.jpg,3,0.143552,0.110073,-0.739739,299.29
images/regolith_train_01909.jpg,2,0.406073,0.102226,-0.567508,306.46
images/regolith_train_01910.jpg,2,0.300741,-0.306612,-0.479125,356.78
images/regolith_train_01911.jpg,2,0.11631,-0.225951,-0.318363,294.96
images/regolith_train_01912.jpg,0,0.227335,0.11292,-0.073433,705.98
images/regolith_train_01913.jpg,3,-0.277591,-0.054618,-0.205429,222.52
images/regolith_train_01914.jpg,0,0.204148,0.242653,-0.048875,729.94
images/regolith_train_01915.jpg,1,-0.025813,0.407217,0.101123,474.14
images/regolith_train_01916.jpg,2,0.315357,-0.034382,-0.721427,386.37
images/regolith_train_01917.jpg,1,0.516678,0.506314,-0.476037,503.51
images/regolith_train_01918.jpg,3,0.271961,0.329182,-0.779172,234.92
images/regolith_train_01919.jpg,0,0.125597,0.288848,-0.010284,674.7
images/regolith_train_01920.jpg,0,-0.205908,0.176098,0.253202,761.54
images/regolith_train_01921.jpg,2,-0.27622,0.087527,0.201499,301.82
images/regolith_train_01922.jpg,2,-0.232399,-0.312845,0.17249,209.24
images/regolith_train_01923.jpg,2,0.512897,-0.254709,-0.750687,405.28
images/regolith_train_01924.jpg,2,0.266851,0.279204,-0.534492,414.03
images/regolith_train_01925.jpg,2,-0.020148,-0.32016,-0.336004,357.83
images/regolith_train_01926.jpg,2,-0.05565,-0.315947,-0.198506,372.73
images/regolith_train_01927.jpg,0,-0.00195,-0.041215,0.179886,654.29
images/regolith_train_01928.jpg,1,0.467748,0.501424,-0.321351,434.93
images/regolith_train_01929.jpg,3,-0.408165,0.05085,-0.167515,241.26
images/regolith_train_01930.jpg,2,0.234892,-0.391072,-0.619654,464.0
images/regolith_train_01931.jpg,2,-0.191965,-0.328145,-0.167865,434.31
images/regolith_train_01932.jpg,0,0.035537,-0.181734,0.327684,544.76
images/regolith_train_01933.jpg,0,0.443822,0.274211,-0.229653,648.29
images/regolith_train_01934.jpg,1,0.326263,-0.048037,-0.431545,588.8
images/regolith_train_01935.jpg,1,0.358085,-0.243274,-0.609093,660.76
images/regolith_train_01936.jpg,2,0.39479,0.57613,-0.465582,235.89
images/regolith_train_01937.jpg,2,-0.175342,0.440025,-0.004323,325.65
images/regolith_train_01938.jpg,3,-0.339014,0.1903,-0.208194,239.29
images/regolith_train_01939.jpg,2,-0.381522,-0.012112,0.166917,338.64
images/regolith_train_01940.jpg,3,-0.062339,-0.216944,-0.422234,199.12
images/regolith_train_01941.jpg,2,0.168661,-0.295762,-0.688599,515.46
images/regolith_train_01942.jpg,3,0.294695,-0.302037,-0.78338,242.92
images/regolith_train_01943.jpg,0,-0.008446,0.235173,0.202185,688.84
images/regolith_train_01944.jpg,0,-0.055032,0.076213,0.389953,610.26
images/regolith_train_01945.jpg,0,-0.019575,-0.04023,0.117749,679.02
images/regolith_train_01946.jpg,1,0.181152,-0.08857,-0.123153,488.87
images/regolith_train_01947.jpg,2,0.127706,0.315953,-0.386517,409.93
images/regolith_train_01948.jpg,3,-0.044063,-0.125374,-0.327733,139.03
images/regolith_train_01949.jpg,0,0.054292,0.224546,0.093073,674.81
images/regolith_train_01950.jpg,2,0.154207,0.526344,-0.531673,452.42
images/regolith_train_01951.jpg,0,-0.031382,0.021753,0.295466,698.94
images/regolith_train_01952.jpg,2,-0.199236,0.121045,-0.091751,386.01
images/regolith_train_01953.jpg,3,-0.320004,-0.104062,-0.241426,139.71
images/regolith_train_01954.jpg,3,0.036156,0.049503,-0.524193,211.38
images/regolith_train_01955.jpg,0,0.215108,-0.216004,-0.090029,663.72
images/regolith_train_01956.jpg,2,0.282056,0.349173,-0.70482,453.05
images/regolith_train_01957.jpg,0,0.183711,0.054236,0.037498,707.86
images/regolith_train_01958.jpg,0,0.227577,-0.157265,0.004918,622.56
images/regolith_train_01959.jpg,2,-0.009324,0.490067,-0.323848,416.15
images/regolith_train_01960.jpg,0,0.477536,0.218793,-0.096614,610.36
images/regolith_train_01961.jpg,2,-0.01687,-0.152714,-0.256674,380.56
images/regolith_train_01962.jpg,3,0.293466,0.008452,-0.624835,139.06
images/regolith_train_01963.jpg,3,-0.180557,0.132912,-0.215593,225.46
images/regolith_train_01964.jpg,2,-0.330637,0.290436,0.033833,394.82
images/regolith_train_01965.jpg,3,-0.026788,0.257459,-0.655906,271.51
images/regolith_train_01966.jpg,3,0.026689,-0.164305,-0.380409,184.66
images/regolith_train_01967.jpg,2,0.012986,-0.207588,-0.570273,472.23
images/regolith_train_01968.jpg,1,0.584124,-0.177277,-0.619225,519.3
images/regolith_train_01969.jpg,2,-0.248648,-0.245658,0.022605,355.55
images/regolith_train_01970.jpg,2,-0.256921,0.069007,-0.207536,468.69
images/regolith_train_01971.jpg,1,-0.182193,-0.075819,0.055911,564.67
images/regolith_train_01972.jpg,1,0.518274,-0.316374,-0.509389,501.11
images/regolith_train_01973.jpg,2,-0.278175,-0.1579,0.030892,408.38
images/regolith_train_01974.jpg,2,0.199027,0.317437,-0.492772,333.21
images/regolith_train_01975.jpg,1,0.479013,-0.106384,-0.56528,545.33
images/regolith_train_01976.jpg,1,0.305253,-0.232887,-0.438165,652.58
images/regolith_train_01977.jpg,2,-0.338959,0.215945,-0.061079,435.84
images/regolith_train_01978.jpg,2,0.091929,0.097913,-0.143773,230.58
images/regolith_train_01979.jpg,3,0.175872,0.149449,-0.585455,202.91
images/regolith_train_01980.jpg,1,-0.051162,-0.101056,-0.020122,484.26
images/regolith_train_01981.jpg,0,-0.179572,0.139439,0.333927,676.39
images/regolith_train_01982.jpg,1,0.416963,-0.150233,-0.401805,533.4
images/regolith_train_01983.jpg,3,-0.222799,-0.386207,-0.29473,255.75
images/regolith_train_01984.jpg,2,0.376755,0.11625,-0.583281,338.79
images/regolith_train_01985.jpg,0,0.385053,0.536098,-0.36522,752.79
images/regolith_train_01986.jpg,2,-0.45376,-0.395664,-0.021416,411.02
images/regolith_train_01987.jpg,1,-0.218386,0.551004,0.118259,524.57
images/regolith_train_01988.jpg,3,-0.087329,0.288941,-0.403617,223.64
images/regolith_train_01989.jpg,3,-0.283411,0.088993,-0.399641,327.44
images/regolith_train_01990.jpg,3,-0.015967,-0.077184,-0.483788,247.52
images/regolith_train_01991.jpg,3,0.307606,0.013645,-0.848988,230.95
images/regolith_train_01992.jpg,3,-0.149984,-0.244064,-0.412312,178.18
images/regolith_train_01993.jpg,1,0.298697,0.044525,-0.462252,592.64
images/regolith_train_01994.jpg,0,-0.254272,0.121083,0.303269,745.4
images/regolith_train_01995.jpg,2,-0.427055,0.020671,0.186525,347.67
images/regolith_train_01996.jpg,0,0.315616,-0.152053,-0.156031,694.47
images/regolith_train_01997.jpg,1,0.230453,0.472978,-0.341037,578.3
images/regolith_train_01998.jpg,0,0.413751,-0.27887,-0.186097,699.66
images/regolith_train_01999.jpg,2,0.383836,0.377381,-0.689942,326.65
images/regolith_train_02000.jpg,0,0.106507,-0.207054,0.142531,715.28
images/regolith_train_02001.jpg,3,-0.115001,0.203107,-0.230337,142.69
images/regolith_train_02002.jpg,0,0.286475,0.071206,-0.053219,686.38
images/regolith_train_02003.jpg,3,-0.184417,-0.437799,-0.227151,181.21
images/regolith_train_02004.jpg,3,-0.129485,0.084727,-0.303615,216.26
images/regolith_train_02005.jpg,0,0.387579,0.222702,-0.227148,677.58
images/regolith_train_02006.jpg,2,0.025759,-0.281521,-0.548351,416.73
images/regolith_train_02007.jpg,3,-0.222406,0.110977,-0.572201,310.08
images/regolith_train_02008.jpg,0,-0.157393,0.249345,0.232815,715.43
images/regolith_train_02009.jpg,1,-0.375143,0.364757,0.323641,453.06
images/regolith_train_02010.jpg,2,-0.327149,0.634987,0.138963,295.1
images/regolith_train_02011.jpg,1,0.515816,-0.006391,-0.501284,516.02
images/regolith_train_02012.jpg,3,0.079301,0.163375,-0.496933,87.88
images/regolith_train_02013.jpg,3,-0.394687,-0.064499,-0.211437,284.42
images/regolith_train_02014.jpg,1,-0.072806,0.190677,-0.08047,600.56
images/regolith_train_02015.jpg,1,-0.468937,-0.131769,0.245518,599.54
images/regolith_train_02016.jpg,2,0.305604,0.525313,-0.561811,395.04
images/regolith_train_02017.jpg,1,0.267134,-0.012921,-0.202574,537.05
images/regolith_train_02018.jpg,1,-0.267362,0.504274,0.15406,581.29
images/regolith_train_02019.jpg,1,-0.361538,0.121597,0.01449,652.73
images/regolith_train_02020.jpg,1,-0.410797,0.387132,0.344051,501.86
images/regolith_train_02021.jpg,3,0.285654,-0.114288,-0.778144,212.08
images/regolith_train_02022.jpg,2,0.525871,0.052311,-0.693812,371.07
images/regolith_train_02023.jpg,1,0.405119,0.007296,-0.292052,502.62
images/regolith_train_02024.jpg,2,-0.390453,-0.373732,-0.164313,470.61
images/regolith_train_02025.jpg,2,-0.128435,0.037623,-0.103039,357.62
images/regolith_train_02026.jpg,0,-0.15609,0.039826,0.464338,645.46
images/regolith_train_02027.jpg,3,-0.19794,0.209617,-0.334372,189.36
images/regolith_train_02028.jpg,3,0.205957,0.029154,-0.587829,214.03
images/regolith_train_02029.jpg,0,0.022772,-0.15064,0.483179,595.76
images/regolith_train_02030.jpg,1,0.102345,0.123275,0.126893,416.78
images/regolith_train_02031.jpg,1,-0.113646,-0.374056,0.129055,434.27
images/regolith_train_02032.jpg,2,-0.298558,-0.078529,-0.141244,360.1
images/regolith_train_02033.jpg,2,0.573788,0.078921,-0.703902,301.53
images/regolith_train_02034.jpg,1,0.435178,0.492279,-0.510987,511.52
images/regolith_train_02035.jpg,3,-0.221888,0.331404,-0.308443,219.96
images/regolith_train_02036.jpg,1,0.477129,0.527269,-0.451196,530.08
images/regolith_train_02037.jpg,1,0.196486,-0.000375,-0.019644,468.99
images/regolith_train_02038.jpg,2,0.335785,-0.052142,-0.504914,372.58
images/regolith_train_02039.jpg,0,0.471503,0.090101,-0.355901,744.43
images/regolith_train_02040.jpg,1,-0.350999,0.151865,0.149457,606.64
images/regolith_train_02041.jpg,0,0.116433,0.380569,-0.053629,790.99
images/regolith_train_02042.jpg,3,0.378266,0.208822,-0.957686,237.33
images/regolith_train_02043.jpg,2,-0.216573,-0.332665,-0.117721,334.88
images/regolith_train_02044.jpg,1,0.466738,-0.090088,-0.447911,577.23
images/regolith_train_02045.jpg,0,0.079161,-0.121907,0.312313,639.06
images/regolith_train_02046.jpg,0,0.193286,0.380331,0.313935,558.31
images/regolith_train_02047.jpg,3,0.383433,-0.251901,-0.916683,298.93
images/regolith_train_02048.jpg,0,-0.030902,0.191533,0.185413,678.92
images/regolith_train_02049.jpg,2,0.296285,-0.349986,-0.552998,372.4
images/regolith_train_02050.jpg,2,0.140314,0.120992,-0.47697,388.57
images/regolith_train_02051.jpg,2,0.543848,-0.007092,-0.609043,281.35
images/regolith_train_02052.jpg,1,-0.629654,0.045965,0.523277,505.44
images/regolith_train_02053.jpg,1,-0.203765,0.219745,0.19013,553.15
images/regolith_train_02054.jpg,3,0.05254,0.194348,-0.275043,159.0
images/regolith_train_02055.jpg,0,0.475942,-0.16261,-0.223398,627.28
images/regolith_train_02056.jpg,1,-0.018643,0.308089,0.100044,480.42
images/regolith_train_02057.jpg,0,0.300721,0.381749,-0.138395,719.57
images/regolith_train_02058.jpg,1,0.420721,0.16288,-0.326682,483.53
images/regolith_train_02059.jpg,2,-0.115991,0.503896,-0.365691,484.23
images/regolith_train_02060.jpg,0,0.217006,-0.027017,-0.147871,699.46
images/regolith_train_02061.jpg,2,-0.103336,-0.348988,-0.348402,435.91
images/regolith_train_02062.jpg,2,-0.070947,0.057045,-0.330392,365.37
images/regolith_train_02063.jpg,0,-0.072029,-0.053489,0.3325,667.49
images/regolith_train_02064.jpg,3,-0.241937,0.236005,-0.016559,69.16
images/regolith_train_02065.jpg,1,0.170837,-0.226943,-0.212527,588.76
images/regolith_train_02066.jpg,1,-0.405151,0.034317,0.230299,553.82
images/regolith_train_02067.jpg,2,-0.380101,-0.078691,-0.009155,381.18
images/regolith_train_02068.jpg,0,0.009799,0.300061,0.231728,705.35
images/regolith_train_02069.jpg,2,-0.359291,0.530956,0.109967,304.19
images/regolith_train_02070.jpg,0,-0.052161,0.110477,0.353356,691.23
images/regolith_train_02071.jpg,2,-0.042953,0.045651,-0.235378,415.61
images/regolith_train_02072.jpg,3,0.110655,0.381599,-0.493126,146.81
images/regolith_train_02073.jpg,0,0.151257,-0.148771,0.143345,718.6
images/regolith_train_02074.jpg,0,0.143485,-0.236801,0.152645,702.18
images/regolith_train_02075.jpg,2,0.421386,0.100446,-0.521525,245.97
images/regolith_train_02076.jpg,1,0.247657,-0.069872,-0.286628,509.01
images/regolith_train_02077.jpg,3,-0.167503,0.075546,-0.483673,223.67
images/regolith_train_02078.jpg,3,0.177211,-0.017729,-0.719006,221.3
images/regolith_train_02079.jpg,3,-0.267258,-0.072377,-0.157988,250.4
images/regolith_train_02080.jpg,1,-0.287651,-0.224512,0.260718,512.77
images/regolith_train_02081.jpg,3,-0.24695,0.226241,-0.216747,199.12
images/regolith_train_02082.jpg,0,-0.136273,0.371977,0.154681,744.41
images/regolith_train_02083.jpg,1,-0.179961,-0.218901,0.102152,539.33
images/regolith_train_02084.jpg,1,-0.067895,-0.305329,0.04878,537.49
images/regolith_train_02085.jpg,2,-0.243976,0.31279,0.070305,240.5
images/regolith_train_02086.jpg,3,0.266603,0.234586,-0.770111,246.15
images/regolith_train_02087.jpg,0,-0.102459,0.036289,0.285831,734.57
images/regolith_train_02088.jpg,3,0.161667,0.222379,-0.753837,344.35
images/regolith_train_02089.jpg,1,-0.470924,0.132871,0.424054,494.66
images/regolith_train_02090.jpg,3,0.26872,-0.310053,-0.808354,341.42
images/regolith_train_02091.jpg,2,0.176649,0.316413,-0.279125,240.35
images/regolith_train_02092.jpg,3,-0.378138,0.15268,-0.09226,194.8
images/regolith_train_02093.jpg,1,0.377988,0.336619,-0.445218,522.35
images/regolith_train_02094.jpg,1,-0.226048,-0.134241,0.132704,565.62
images/regolith_train_02095.jpg,3,-0.04717,0.267989,-0.532125,302.45
images/regolith_train_02096.jpg,2,-0.125486,0.257609,-0.130549,414.15
images/regolith_train_02097.jpg,1,0.243065,0.385993,-0.151328,539.52
images/regolith_train_02098.jpg,0,0.141466,-0.147631,0.195925,653.81
images/regolith_train_02099.jpg,1,0.123924,0.076009,-0.143956,544.72
images/regolith_train_02100.jpg,2,0.500769,-0.130413,-0.628471,303.05
images/regolith_train_02101.jpg,0,0.168221,-0.07859,-0.001871,706.81
images/regolith_train_02102.jpg,3,-0.346102,0.268101,-0.262453,263.02
images/regolith_train_02103.jpg,1,0.266926,-0.235201,-0.321295,596.14
images/regolith_train_02104.jpg,2,-0.016499,-0.226747,-0.206869,379.72
images/regolith_train_02105.jpg,3,-0.091551,-0.190754,-0.674055,297.14
images/regolith_train_02106.jpg,2,-0.401704,0.483121,0.168617,372.8
images/regolith_train_02107.jpg,1,-0.357825,0.146066,0.310252,498.17
images/regolith_train_02108.jpg,3,-0.38255,-0.100753,-0.317512,280.35
images/regolith_train_02109.jpg,3,-0.167929,0.251765,-0.378163,246.38
images/regolith_train_02110.jpg,2,-0.47853,0.27534,0.233267,369.28
images/regolith_train_02111.jpg,2,-0.054957,-0.139877,-0.193728,372.56
images/regolith_train_02112.jpg,3,0.04718,0.036719,-0.517628,200.79
images/regolith_train_02113.jpg,1,0.420281,-0.105206,-0.441378,533.73
images/regolith_train_02114.jpg,2,-0.083066,0.183548,-0.021952,271.18
images/regolith_train_02115.jpg,2,0.156753,0.417813,-0.341212,320.54
images/regolith_train_02116.jpg,2,0.262516,0.439929,-0.508705,342.08
images/regolith_train_02117.jpg,0,0.110578,-0.215493,-0.030312,687.57
images/regolith_train_02118.jpg,3,-0.025646,-0.231624,-0.188367,170.67
images/regolith_train_02119.jpg,3,0.159676,-0.031234,-0.582774,177.9
images/regolith_train_02120.jpg,3,-0.090154,-0.175207,-0.459991,216.73
images/regolith_train_02121.jpg,1,0.236482,0.366226,-0.124661,480.01
images/regolith_train_02122.jpg,3,-0.072872,-0.176289,-0.538552,290.91
images/regolith_train_02123.jpg,3,-0.069915,0.233701,-0.359663,183.25
images/regolith_train_02124.jpg,0,0.043194,-0.253934,0.191,673.02
images/regolith_train_02125.jpg,0,0.346532,-0.108697,-0.352639,769.71
images/regolith_train_02126.jpg,3,0.34742,-0.11235,-0.929041,245.92
images/regolith_train_02127.jpg,0,0.059224,-0.053163,0.202714,701.04
images/regolith_train_02128.jpg,3,0.24948,-0.087643,-0.742238,179.97
images/regolith_train_02129.jpg,1,0.281985,0.568625,-0.463867,589.03
images/regolith_train_02130.jpg,3,0.110883,-0.214582,-0.836257,350.62
images/regolith_train_02131.jpg,1,-0.00603,0.126374,-0.177566,608.0
images/regolith_train_02132.jpg,2,-0.408399,-0.373554,0.181501,345.37
images/regolith_train_02133.jpg,2,-0.387157,0.349972,0.35415,224.28
images/regolith_train_02134.jpg,3,0.301419,0.352008,-0.999606,335.82
images/regolith_train_02135.jpg,0,0.080978,0.125018,0.110395,631.38
images/regolith_train_02136.jpg,1,-0.279388,0.318914,0.213601,484.14
images/regolith_train_02137.jpg,0,0.078165,0.209225,0.064914,703.12
images/regolith_train_02138.jpg,1,-0.09102,-0.215806,0.165998,406.11
images/regolith_train_02139.jpg,2,0.244614,-0.152542,-0.585562,363.78
images/regolith_train_02140.jpg,2,0.174345,-0.013839,-0.33677,291.72
images/regolith_train_02141.jpg,3,0.202351,-0.019313,-0.656073,206.74
images/regolith_train_02142.jpg,1,-0.520598,0.118456,0.559923,528.82
images/regolith_train_02143.jpg,0,0.183527,0.035398,-0.159551,732.12
images/regolith_train_02144.jpg,1,0.074136,0.458178,-0.039119,504.05
images/regolith_train_02145.jpg,2,-0.396193,0.258954,0.148931,363.23
images/regolith_train_02146.jpg,1,-0.038961,0.467791,-0.019624,481.79
images/regolith_train_02147.jpg,0,-0.158121,0.183923,0.327109,666.19
images/regolith_train_02148.jpg,1,0.080817,-0.273445,-0.198699,573.7
images/regolith_train_02149.jpg,3,0.167656,0.148232,-0.672382,253.91
images/regolith_train_02150.jpg,1,-0.094725,-0.065195,0.130685,501.04
images/regolith_train_02151.jpg,3,0.231842,0.002791,-0.60267,177.51
images/regolith_train_02152.jpg,0,0.324528,0.10802,-0.310074,676.62
images/regolith_train_02153.jpg,0,-0.068811,-0.154094,0.292042,657.17
images/regolith_train_02154.jpg,0,-0.261011,0.072024,0.250089,800.0
images/regolith_train_02155.jpg,3,-0.381593,0.346274,-0.204271,213.19
images/regolith_train_02156.jpg,3,-0.220257,0.252958,-0.282703,181.39
images/regolith_train_02157.jpg,3,-0.123046,-0.141561,-0.250096,156.07
images/regolith_train_02158.jpg,3,-0.206524,0.07431,-0.349497,300.95
images/regolith_train_02159.jpg,0,0.233565,-0.042731,-0.072381,659.16
images/regolith_train_02160.jpg,3,-0.190771,0.017625,-0.470425,299.52
images/regolith_train_02161.jpg,2,0.115499,0.032668,-0.48425,425.89
images/regolith_train_02162.jpg,3,0.158677,-0.135241,-0.854045,322.69
images/regolith_train_02163.jpg,3,-0.078119,0.120965,-0.534159,258.15
images/regolith_train_02164.jpg,2,-0.382112,0.166296,0.239244,350.5
images/regolith_train_02165.jpg,3,-0.394482,0.234065,-0.097555,183.97
images/regolith_train_02166.jpg,3,-0.113802,-0.055847,-0.474201,280.2
images/regolith_train_02167.jpg,3,-0.440291,0.113893,-0.021087,169.74
images/regolith_train_02168.jpg,2,0.171053,0.079375,-0.411911,324.36
images/regolith_train_02169.jpg,3,0.055257,0.125591,-0.552197,264.86
images/regolith_train_02170.jpg,2,0.148477,-0.166777,-0.436062,312.78
images/regolith_train_02171.jpg,0,-0.264188,-0.121071,0.432357,692.12
images/regolith_train_02172.jpg,3,0.268487,0.272369,-0.82226,349.81
images/regolith_train_02173.jpg,0,-0.160084,-0.262764,0.323323,730.16
images/regolith_train_02174.jpg,0,0.118504,-0.343337,0.236138,583.29
images/regolith_train_02175.jpg,3,-0.055793,0.096889,-0.50028,201.39
images/regolith_train_02176.jpg,0,0.081769,-0.142277,0.113948,800.0
images/regolith_train_02177.jpg,1,0.237111,0.099545,-0.241542,541.44
images/regolith_train_02178.jpg,3,-0.324445,-0.202361,-0.170705,184.86
images/regolith_train_02179.jpg,3,0.126455,0.106218,-0.557903,185.54
images/regolith_train_02180.jpg,2,-0.372713,-0.25469,-0.021259,424.99
images/regolith_train_02181.jpg,0,0.442837,-0.021197,-0.279494,753.02
images/regolith_train_02182.jpg,3,-0.137643,-0.158726,-0.257164,193.98
images/regolith_train_02183.jpg,3,-0.221332,-0.051909,-0.219399,229.63
images/regolith_train_02184.jpg,2,-0.162357,-0.180808,-0.082038,323.79
images/regolith_train_02185.jpg,0,0.204289,-0.273646,-0.05069,685.97
images/regolith_train_02186.jpg,3,0.279008,0.059239,-0.600305,203.27
images/regolith_train_02187.jpg,2,0.425008,0.066089,-0.581595,352.94
images/regolith_train_02188.jpg,2,0.376754,-0.352927,-0.724746,387.94
images/regolith_train_02189.jpg,2,-0.029728,-0.380221,-0.353106,420.58
images/regolith_train_02190.jpg,3,0.012088,0.21626,-0.536612,224.96
images/regolith_train_02191.jpg,1,-0.280873,0.50148,0.280997,469.83
images/regolith_train_02192.jpg,3,0.222123,0.230344,-0.595725,176.58
images/regolith_train_02193.jpg,0,0.129414,0.096872,0.078841,645.84
images/regolith_train_02194.jpg,0,-0.096863,0.317325,0.300871,722.33
images/regolith_train_02195.jpg,3,0.182664,0.177094,-0.74661,277.43
images/regolith_train_02196.jpg,3,-0.19468,0.081552,-0.435123,274.42
images/regolith_train_02197.jpg,1,-0.446323,0.207841,0.301515,586.83
images/regolith_train_02198.jpg,1,-0.170871,-0.023257,0.114446,538.0
images/regolith_train_02199.jpg,2,-0.315887,0.50082,0.112733,338.02
images/regolith_train_02200.jpg,2,0.144656,0.727567,-0.397106,370.51
images/regolith_train_02201.jpg,2,0.014439,-0.125025,-0.230838,329.1
images/regolith_train_02202.jpg,1,-0.22564,0.346037,-0.041449,523.77
images/regolith_train_02203.jpg,2,0.528645,-0.121146,-0.660665,303.7
images/regolith_train_02204.jpg,3,0.170104,0.236259,-0.692206,255.76
images/regolith_train_02205.jpg,0,0.000533,-0.104486,0.320341,605.11
images/regolith_train_02206.jpg,2,-0.115281,0.13697,-0.261635,415.69
images/regolith_train_02207.jpg,0,0.416639,-0.11416,-0.078102,620.64
images/regolith_train_02208.jpg,0,-0.045963,-0.257881,0.205558,766.79
images/regolith_train_02209.jpg,2,0.471909,0.101994,-0.615242,325.68
images/regolith_train_02210.jpg,0,0.216427,-0.153442,-0.011845,722.61
images/regolith_train_02211.jpg,2,0.004061,-0.248345,-0.435038,512.5
images/regolith_train_02212.jpg,0,-0.180959,0.080773,0.422157,635.65
images/regolith_train_02213.jpg,3,-0.366561,0.060597,-0.266084,247.29
images/regolith_train_02214.jpg,2,-0.160547,-0.078635,0.099984,242.99
images/regolith_train_02215.jpg,0,-0.076357,0.165291,0.326296,649.86
images/regolith_train_02216.jpg,0,-0.147093,-0.119298,0.25761,695.28
images/regolith_train_02217.jpg,0,0.409383,0.23676,-0.196092,674.05
images/regolith_train_02218.jpg,0,-0.010436,0.388755,0.352503,608.62
images/regolith_train_02219.jpg,1,-0.457985,0.379078,0.29929,590.62
images/regolith_train_02220.jpg,3,0.005021,0.089979,-0.767232,295.96
images/regolith_train_02221.jpg,0,-0.016209,-0.16726,0.45505,543.28
images/regolith_train_02222.jpg,3,0.228082,-0.042039,-0.629526,187.77
images/regolith_train_02223.jpg,2,0.455629,-0.350381,-0.636108,353.78
images/regolith_train_02224.jpg,1,0.361055,0.166182,-0.593228,601.93
images/regolith_train_02225.jpg,0,0.333256,0.326964,0.05564,520.3
images/regolith_train_02226.jpg,2,0.018238,-0.124372,-0.251174,295.18
images/regolith_train_02227.jpg,0,0.230498,-0.058248,-0.12246,798.34
images/regolith_train_02228.jpg,0,0.2608,0.236086,0.165028,604.94
images/regolith_train_02229.jpg,0,0.429602,0.257608,-0.138897,684.34
images/regolith_train_02230.jpg,1,0.492354,-0.21746,-0.374109,492.32
images/regolith_train_02231.jpg,0,0.11964,-0.022635,0.229827,582.04
images/regolith_train_02232.jpg,3,-0.333989,0.014011,-0.228591,255.2
images/regolith_train_02233.jpg,1,0.590766,-0.253155,-0.513726,480.44
images/regolith_train_02234.jpg,1,-0.188612,0.57417,-0.053496,575.31
images/regolith_train_02235.jpg,3,0.182585,0.115572,-0.771834,279.39
images/regolith_train_02236.jpg,0,-0.276022,0.263951,0.464088,701.77
images/regolith_train_02237.jpg,2,-0.120552,0.221219,0.108357,306.78
images/regolith_train_02238.jpg,0,0.466144,-0.125054,-0.393438,798.06
images/regolith_train_02239.jpg,0,-0.158456,-0.048584,0.312132,746.05
images/regolith_train_02240.jpg,0,0.167706,0.417606,-0.033807,651.28
images/regolith_train_02241.jpg,0,0.064581,0.166758,0.010913,769.27
images/regolith_train_02242.jpg,3,-0.091258,0.074316,-0.456632,247.25
images/regolith_train_02243.jpg,0,0.250297,0.00206,0.023937,579.1
images/regolith_train_02244.jpg,3,0.327202,0.12045,-0.820375,225.41
images/regolith_train_02245.jpg,1,-0.377396,-0.128278,0.209057,564.3
images/regolith_train_02246.jpg,0,0.488974,0.069985,-0.247145,666.93
images/regolith_train_02247.jpg,0,0.214893,0.223056,0.235761,567.51
images/regolith_train_02248.jpg,3,0.173132,-0.196436,-0.843145,316.16
images/regolith_train_02249.jpg,1,0.098754,-0.133461,-0.08087,568.05
images/regolith_train_02250.jpg,0,-0.116676,0.420456,0.239012,687.53
images/regolith_train_02251.jpg,3,0.075778,0.378524,-0.573946,238.71
images/regolith_train_02252.jpg,0,0.213706,-0.005736,-0.021428,610.38
images/regolith_train_02253.jpg,1,-0.276359,-0.270901,0.163917,609.83
images/regolith_train_02254.jpg,0,0.41073,0.3303,-0.043343,680.6
images/regolith_train_02255.jpg,2,-0.119656,0.30469,-0.058119,344.51
images/regolith_train_02256.jpg,2,0.173853,0.125388,-0.463272,409.4
images/regolith_train_02257.jpg,2,0.159508,-0.212489,-0.297989,210.82
images/regolith_train_02258.jpg,3,-0.074347,-0.121067,-0.2781,174.89
images/regolith_train_02259.jpg,0,0.30713,-0.215081,-0.158809,723.46
images/regolith_train_02260.jpg,1,-0.146933,0.477467,-0.015873,538.29
images/regolith_train_02261.jpg,3,-0.265468,0.136172,-0.203069,152.64
images/regolith_train_02262.jpg,2,-0.165019,-0.137081,0.035197,277.18
images/regolith_train_02263.jpg,1,0.470725,0.094233,-0.526171,534.38
images/regolith_train_02264.jpg,1,0.252093,-0.385812,-0.228007,578.91
images/regolith_train_02265.jpg,0,0.426211,0.019404,-0.177164,658.47
images/regolith_train_02266.jpg,1,0.131543,0.12469,-0.194749,510.61
images/regolith_train_02267.jpg,2,-0.006302,0.393735,-0.087672,300.04
images/regolith_train_02268.jpg,0,0.03397,0.204105,-0.025165,781.14
images/regolith_train_02269.jpg,2,-0.364335,-0.406404,0.182012,352.29
images/regolith_train_02270.jpg,2,0.159644,0.555632,-0.340674,382.21
images/regolith_train_02271.jpg,1,-0.424715,0.128975,0.405048,410.62
images/regolith_train_02272.jpg,1,-0.202499,0.084849,0.127102,565.1
images/regolith_train_02273.jpg,0,0.183595,-0.120115,-0.05122,761.53
images/regolith_train_02274.jpg,2,0.342239,0.123934,-0.694032,411.76
images/regolith_train_02275.jpg,0,0.244733,0.402688,-0.039943,743.83
images/regolith_train_02276.jpg,0,-0.196148,0.057141,0.53645,582.36
images/regolith_train_02277.jpg,1,-0.340337,0.096944,0.159776,588.58
images/regolith_train_02278.jpg,3,-0.117341,0.219683,-0.493939,253.78
images/regolith_train_02279.jpg,0,-0.175029,-0.106041,0.408194,620.91
images/regolith_train_02280.jpg,1,-0.293654,0.241192,0.362525,555.85
images/regolith_train_02281.jpg,1,-0.354244,0.534214,0.254122,570.63
images/regolith_train_02282.jpg,3,-0.271966,0.48899,-0.284942,225.98
images/regolith_train_02283.jpg,2,-0.05522,-0.287466,-0.044329,258.45
images/regolith_train_02284.jpg,1,0.386853,-0.191336,-0.451916,581.64
images/regolith_train_02285.jpg,1,-0.26318,0.211429,0.246649,594.08
images/regolith_train_02286.jpg,0,0.286677,-0.217002,-0.077342,646.56
images/regolith_train_02287.jpg,1,0.254054,0.132807,-0.203725,459.8
images/regolith_train_02288.jpg,1,0.545184,0.25556,-0.577694,485.95
images/regolith_train_02289.jpg,1,-0.034907,0.531436,0.000355,531.18
images/regolith_train_02290.jpg,2,-0.332596,-0.18632,0.170861,339.82
images/regolith_train_02291.jpg,2,0.486591,0.300562,-0.567407,358.65
images/regolith_train_02292.jpg,3,-0.112236,0.131287,-0.421289,275.33
images/regolith_train_02293.jpg,2,0.533991,-0.077315,-0.793866,327.71
images/regolith_train_02294.jpg,1,0.512128,-0.064217,-0.609419,599.25
images/regolith_train_02295.jpg,1,0.317557,0.500422,-0.434834,544.93
images/regolith_train_02296.jpg,0,0.165549,0.221752,-0.227572,764.52
images/regolith_train_02297.jpg,1,-0.301145,0.466026,0.256127,544.44
images/regolith_train_02298.jpg,3,-0.404467,-0.39326,0.028451,141.53
images/regolith_train_02299.jpg,3,0.273221,-0.151503,-0.915461,249.19
images/regolith_train_02300.jpg,1,-0.395026,-0.413541,0.198768,506.0
images/regolith_train_02301.jpg,1,0.487399,0.269478,-0.557844,548.83
images/regolith_train_02302.jpg,2,-0.362098,-0.35259,0.140306,242.31
images/regolith_train_02303.jpg,1,-0.410606,0.255544,0.315894,541.14
images/regolith_train_02304.jpg,2,0.202044,0.212103,-0.574771,387.83
images/regolith_train_02305.jpg,1,-0.213364,-0.070876,0.340367,417.53
images/regolith_train_02306.jpg,0,0.205766,0.316097,-0.031548,711.02
images/regolith_train_02307.jpg,1,-0.320695,-0.154845,0.01888,650.33
images/regolith_train_02308.jpg,2,0.276514,-0.383037,-0.486909,336.47
images/regolith_train_02309.jpg,2,-0.196429,-0.323704,-0.240325,407.22
images/regolith_train_02310.jpg,3,-0.345547,-0.098516,-0.218586,296.41
images/regolith_train_02311.jpg,0,-0.127297,0.026542,0.280866,647.63
images/regolith_train_02312.jpg,2,-0.211702,0.568838,-0.042092,355.26
images/regolith_train_02313.jpg,3,0.204034,0.394985,-0.680362,160.04
images/regolith_train_02314.jpg,1,-0.36134,0.105456,0.415115,533.91
images/regolith_train_02315.jpg,3,-0.291013,0.28891,-0.201025,170.4
images/regolith_train_02316.jpg,1,0.224164,0.373295,-0.113034,534.45
images/regolith_train_02317.jpg,2,-0.117748,0.076663,-0.273184,389.26
images/regolith_train_02318.jpg,1,-0.402878,0.349032,0.311001,507.43
images/regolith_train_02319.jpg,3,-0.272016,-0.019239,-0.119197,164.48
images/regolith_train_02320.jpg,0,0.145785,-0.14396,-0.057855,714.89
images/regolith_train_02321.jpg,0,-0.167038,0.317458,0.517388,591.79
images/regolith_train_02322.jpg,0,-0.194107,-0.065468,0.244511,707.11
images/regolith_train_02323.jpg,1,0.238301,-0.007702,-0.321638,581.39
images/regolith_train_02324.jpg,2,0.578231,0.258457,-0.709328,298.63
images/regolith_train_02325.jpg,1,0.062382,-0.017361,-0.087345,526.72
images/regolith_train_02326.jpg,1,0.045823,-0.325825,-0.03209,538.83
images/regolith_train_02327.jpg,1,0.055466,0.155761,-0.309574,660.7
images/regolith_train_02328.jpg,0,-0.298503,-0.134533,0.389425,721.4
images/regolith_train_02329.jpg,0,0.113128,0.207833,0.024279,699.36
images/regolith_train_02330.jpg,1,-0.504784,0.133287,0.615515,452.79
images/regolith_train_02331.jpg,2,-0.130255,0.253046,-0.10891,326.38
images/regolith_train_02332.jpg,2,-0.129945,0.520015,-0.050474,330.81
images/regolith_train_02333.jpg,0,-0.226875,0.328027,0.444778,687.75
images/regolith_train_02334.jpg,3,0.223295,0.249473,-0.913876,334.21
images/regolith_train_02335.jpg,1,-0.228244,0.361146,0.225331,522.59
images/regolith_train_02336.jpg,1,0.361805,0.246447,-0.551784,556.42
images/regolith_train_02337.jpg,0,0.294701,-0.02373,-0.299194,701.68
images/regolith_train_02338.jpg,2,-0.197648,-0.509349,-0.02182,408.08
images/regolith_train_02339.jpg,0,0.409928,-0.148612,-0.130857,640.02
images/regolith_train_02340.jpg,3,-0.10417,-0.052426,-0.407012,284.07
images/regolith_train_02341.jpg,2,0.100484,0.362198,-0.284623,324.85
images/regolith_train_02342.jpg,3,-0.095558,-0.061921,-0.496474,229.04
images/regolith_train_02343.jpg,1,-0.016827,-0.41898,0.08535,501.45
images/regolith_train_02344.jpg,2,0.212371,0.541529,-0.341342,278.71
images/regolith_train_02345.jpg,1,0.201164,-0.19626,-0.064877,485.09
images/regolith_train_02346.jpg,3,-0.297088,-0.140388,-0.321115,323.74
images/regolith_train_02347.jpg,1,0.064403,0.15881,-0.219074,624.56
images/regolith_train_02348.jpg,0,0.056751,-0.011901,0.198236,664.69
images/regolith_train_02349.jpg,0,0.210652,-0.14185,0.080864,607.68
images/regolith_train_02350.jpg,2,0.23914,-0.081633,-0.624302,435.48
images/regolith_train_02351.jpg,1,-0.400516,-0.275053,0.386815,477.88
images/regolith_train_02352.jpg,2,0.438043,0.127431,-0.805774,468.97
images/regolith_train_02353.jpg,1,-0.273697,0.326943,0.245429,589.14
images/regolith_train_02354.jpg,3,-0.023603,0.37506,-0.480979,190.53
images/regolith_train_02355.jpg,2,-0.067465,0.084472,-0.290805,397.69
images/regolith_train_02356.jpg,2,0.087776,-0.181137,-0.367538,346.97
images/regolith_train_02357.jpg,3,0.265685,0.15115,-0.899347,332.2
images/regolith_train_02358.jpg,1,0.073184,-0.026209,-0.16733,521.59
images/regolith_train_02359.jpg,2,0.54961,0.425964,-0.801008,366.12
images/regolith_train_02360.jpg,1,0.409532,0.149352,-0.386346,507.24
images/regolith_train_02361.jpg,2,0.198084,-0.121888,-0.2924,309.55
images/regolith_train_02362.jpg,0,0.481307,-0.158379,-0.267057,659.96
images/regolith_train_02363.jpg,1,0.285304,-0.1719,-0.559095,620.86
images/regolith_train_02364.jpg,1,0.397765,0.208361,-0.390998,508.39
images/regolith_train_02365.jpg,3,-0.149751,-0.204394,-0.322364,111.45
images/regolith_train_02366.jpg,1,-0.004868,0.227526,0.109259,486.93
images/regolith_train_02367.jpg,2,-0.088677,0.233951,-0.412401,461.6
images/regolith_train_02368.jpg,2,0.341173,-0.249022,-0.694463,429.6
images/regolith_train_02369.jpg,0,0.137704,0.150823,0.133707,624.52
images/regolith_train_02370.jpg,0,0.107113,0.109632,0.064348,704.56
images/regolith_train_02371.jpg,2,-0.110449,0.239104,-0.207442,421.08
images/regolith_train_02372.jpg,3,-0.280584,0.305963,-0.337587,262.16
images/regolith_train_02373.jpg,1,0.079666,0.232083,-0.049451,517.49
images/regolith_train_02374.jpg,1,0.512766,-0.314277,-0.448126,515.51
images/regolith_train_02375.jpg,1,0.054706,0.366806,0.220129,467.37
images/regolith_train_02376.jpg,2,-0.348466,-0.437216,0.171593,311.09
images/regolith_train_02377.jpg,1,-0.313687,0.447703,0.185034,607.6
images/regolith_train_02378.jpg,3,-0.104167,0.02153,-0.226575,135.82
images/regolith_train_02379.jpg,3,-0.343917,0.15371,-0.21911,227.0
images/regolith_train_02380.jpg,2,-0.11235,-0.038825,0.054676,311.28
images/regolith_train_02381.jpg,1,0.267855,0.229569,-0.099822,446.33
images/regolith_train_02382.jpg,3,-0.080633,0.322615,-0.150629,155.95
images/regolith_train_02383.jpg,0,-0.024691,0.370269,0.085982,782.75
images/regolith_train_02384.jpg,1,-0.391187,-0.240652,0.382755,533.8
images/regolith_train_02385.jpg,3,0.287773,0.120406,-0.781839,270.23
images/regolith_train_02386.jpg,1,-0.001106,-0.133966,0.237203,429.36
images/regolith_train_02387.jpg,2,0.121168,0.123058,-0.333635,416.08
images/regolith_train_02388.jpg,1,-0.117309,0.341363,0.046049,511.85
images/regolith_train_02389.jpg,0,-0.235619,0.180693,0.361285,654.21
images/regolith_train_02390.jpg,1,0.158576,0.194787,-0.364501,664.79
images/regolith_train_02391.jpg,2,0.279088,-0.349262,-0.43888,372.94
images/regolith_train_02392.jpg,1,0.004938,0.039653,-0.012714,564.62
images/regolith_train_02393.jpg,1,-0.463354,-0.303047,0.493319,455.68
images/regolith_train_02394.jpg,0,0.04071,-0.039757,0.173678,685.98
images/regolith_train_02395.jpg,2,-0.04899,-0.23517,-0.077284,345.14
images/regolith_train_02396.jpg,0,-0.036833,-0.096854,0.332696,702.48
images/regolith_train_02397.jpg,1,0.502416,-0.390154,-0.617112,649.21
images/regolith_train_02398.jpg,2,0.37774,-0.058459,-0.57836,321.43
images/regolith_train_02399.jpg,0,-0.133625,-0.050196,0.299227,643.87
